,location,screen_name
0,CA,CecilioBarrera
1,CA,jclabb
2,CA,lvdoxies
3,CA,Nungaray_21
4,CA,GeorgeKidd9
5,CA,mattlogical
6,CA,datngu
7,CA,Def_Tim
8,CA,LarsMaischak
9,CA,Tom_Sjolund
10,CA,JedClampet4
11,CA,puxxled
12,CA,ogkeyser
13,CA,RickHorowitz
14,CA,CandykaneKitten
15,CA,JADE_CAST91
16,CA,MaurineEdwards
17,CA,realjkp1985
18,CA,ShastaLake1975
19,CA,Britinnv
20,CA,wmdou
21,CA,RusalaamEnt
22,CA,JesseRebellion
23,CA,JonBowzerBauman
24,CA,Krownz
25,CA,anyprophet
26,CA,Sokphath
27,CA,cartercoag
28,CA,JeannieActivist
29,CA,Judd6197606247
30,CA,friday2112
31,CA,CarrieYCastro
32,CA,VINDICATORofYah
33,CA,JilesFenn
34,CA,BohoRae
35,CA,Fleacatt
36,CA,mattfield
37,CA,LaWomanSharon
38,CA,FreeDetergentNo
39,CA,jwalkup
40,CA,MarkKrubsack
41,CA,courtneyjahenry
42,CA,CorpsmanAdamD
43,CA,Highmountain4
44,CA,TheDudeInSF
45,CA,0XFatimaX0
46,CA,YvonneSchwemmer
47,CA,woolymacith
48,CA,TopFresnoNow
49,CA,LeanosJuanita
50,CA,ThichGiacChinh
51,CA,ajstarr10
52,CA,gastlichu
53,CA,MrJonnyJames
54,CA,berkeleyjess
55,CA,LearnIt2EarnIt
56,CA,ZNassimian
57,CA,ColleranUSA
58,CA,Sonnypeoplepcco
59,CA,JasonMills1972
60,CA,DatatechAg
61,CA,max_parsons21
62,CA,AgNetWest
63,CA,morganbrooks
64,CA,doctormalibu
65,CA,AnotherEitan
66,CA,sabrinawhill
67,CA,MAS_KFCF
68,CA,AlexBackusTV
69,CA,tanyaboza
70,CA,EarthenBlueSky7
71,CA,MarkAReynolds
72,CA,JunkyardDawg85
73,CA,ScreenCaffeen
74,CA,AnthonyHatche52
75,CA,GalleyBill
76,CA,seanwatson24
77,CA,lizardqueen__
78,CA,CorinnaThomas
79,CA,NoahFrank52
80,CA,neeneebucket
81,CA,POLSFresno
82,CA,mjhughes707
83,CA,KVELDULFGONDLIR
84,CA,marcylauren
85,CA,ELeyew
86,CA,Grxce_isnt_real
87,CA,ShereeNurse
88,CA,philipjLA
89,CA,kathyaking
90,CA,newmedici
91,CA,davequast
92,CA,Safari_Jane
93,CA,AlexShepiro
94,CA,CSUKtown
95,CA,finestofedm
96,CA,JonathanKeller
97,CA,oman_mike
98,CA,NuttallColeman
99,CA,AngelpuppyD
100,CA,rmoultoncapital
101,CA,NapaMediaMania
102,CA,wtjahn
103,CA,in_harver
104,CA,duke1907
105,CA,GrnBackGuerilla
106,CA,phelpsleaders
107,CA,SevenTenSplit
108,CA,alexbreitler
109,CA,AcaseRosas
110,CA,MikeHodge19
111,CA,sethbertolucci
112,CA,JohnPerchak
113,CA,RoadRunnerI80
114,CA,loganjudith4
115,CA,wrightcpa
116,CA,MarttiRistimaki
117,CA,TWLoker
118,CA,dana1981
119,CA,MathurBillye
120,CA,DaveThurman
121,CA,yoURDATAisyours
122,CA,MJ_Isham
123,CA,StyxMaker
124,CA,RobertS16019701
125,CA,steelhoof
126,CA,LorraineYe
127,CA,nycplayer
128,CA,LorAndahazy
129,CA,SunnyGirlLori
130,CA,denizprincess
131,CA,UCDavisCoE
132,CA,Lurhstaap
133,CA,ridiculousitis
134,CA,DrDinD
135,CA,TheGiantsFan707
136,CA,benesnap
137,CA,rbucks
138,CA,doft_community
139,CA,POLSStockton
140,CA,RaiderMat
141,CA,ZackEffect
142,CA,bazira
143,CA,sydaly
144,CA,PaigePPressley
145,CA,skrspooky
146,CA,valrich79
147,CA,ShaneDiller
148,CA,numberJuanML
149,CA,AlandichoMy
150,CA,gailyRN
151,CA,HealthFoodDiets
152,CA,tomdelbeccaro
153,CA,mmax38
154,CA,ForneaAldo
155,CA,plowman_robert
156,CA,sierraandolivia
157,CA,thereyouarelisa
158,CA,muehlbach_naida
159,CA,Iko95816
160,CA,thezebra13
161,CA,JulissaDefosse3
162,CA,rayanselmo
163,CA,ckamins
164,CA,hollycmalone35
165,CA,fedagentmark
166,CA,robtgaytan
167,CA,phylogenomics
168,CA,buyerscloud
169,CA,DonnerParty16
170,CA,olentheus
171,CA,JahnBarris
172,CA,DiojeanneSignup
173,CA,keithlowell
174,CA,bonniemck3
175,CA,NAACPStockton
176,CA,jamesleejobe
177,CA,ericsean467
178,CA,SherryLuvsAdam
179,CA,soarspain
180,CA,SLOprotests
181,CA,JimJimmerCarr
182,CA,mrbent50
183,CA,CFavuzzi
184,CA,sambeal
185,CA,RaessaelSemaj
186,CA,maricarroll_
187,CA,aRoZeknows
188,CA,nbj914
189,CA,caliterranean
190,CA,robbymillsap
191,CA,LoansHomes
192,CA,cmiconsulting93
193,CA,rgClosson
194,CA,PensiveTM
195,CA,scarlett_feverr
196,CA,msparck
197,CA,marypat_s
198,CA,gpeck1571
199,CA,SpecNewsSoCal
200,CA,KIM_661
201,CA,AndrezE
202,CA,kdmc255
203,CA,530postscript
204,CA,BrandiBenoit
205,CA,EvryManJac
206,CA,SadiqaWilliams
207,CA,VINDICATORofYah
208,CA,BigMan_OnCampus
209,CA,jag_meister
210,CA,Valente_Montes
211,CA,bobturek
212,CA,PreciseCannabis
213,CA,hennessanity
214,CA,timeoutstudio
215,CA,CaseyLouis31
216,CA,TimidMonk
217,CA,NACFSUFAN
218,CA,bubblegumalleys
219,CA,traitortothe
220,CA,dodosong
221,CA,kernnotary
222,CA,CostelloKingAc
223,CA,DannyEspin0za
224,CA,Temoge
225,CA,kltblom
226,CA,slonews
227,CA,2000Teachertina
228,CA,bluecabaret
229,CA,ShelterPictures
230,CA,singlefinjared
231,CA,BillyBaldwin
232,CA,lovatunt
233,CA,sjblds
234,CA,nchristianh
235,CA,richwriter
236,CA,OjaiPlays
237,CA,SunTzuPing
238,CA,Haywire1970
239,CA,DistinMary
240,CA,CameraGuyBakoCA
241,CA,tekmuse
242,CA,followingsea2
243,CA,CausticPotato_
244,CA,Tara_Boyle
245,CA,stephanie_nimtz
246,CA,jlgarzon1
247,CA,RaulHer2713
248,CA,AlmostShawn
249,CA,SprtsGamer
250,CA,JohnCricket7
251,CA,travelanita
252,CA,mailboomer
253,CA,Token12ga
254,CA,MavensNotebook
255,CA,sarahchhum
256,CA,dutchboy444
257,CA,AmazingBernie
258,CA,Joey_Buttitta
259,CA,WeGrowBiz
260,CA,DaneSenser
261,CA,Erin_Darcel
262,CA,BradleyCamp1
263,CA,Chancho1953
264,CA,CO_RaiderNation
265,CA,TomPavich
266,CA,Danii211
267,CA,MiltonVSee
268,CA,vbexcsne
269,CA,NoahFrank52
270,CA,NightSprite7
271,CA,SillyLunchLady
272,CA,nalley_a
273,CA,ShereeNurse
274,CA,NeuraSalmagundi
275,CA,PamK11
276,CA,LaeEnrich
277,CA,KenGoldsholl
278,CA,DeepWaterWalk
279,CA,JHomeCollective
280,CA,EnriqueCampos7
281,CA,jflah1997
282,CA,GraphiqHQ
283,CA,hopedance
284,CA,aipelectronics
285,CA,MaizaGloria1
286,CA,Stef_Calif
287,CA,paul_o_alto
288,CA,shampoovta
289,CA,karenbednorz
290,CA,ilgtjwuadcb2
291,CA,ManuelR41021364
292,CA,christinoflores
293,CA,KEYTNC3Joe
294,CA,kri_s_ten
295,CA,thehund
296,CA,BlueOceanTV
297,TX,VioletThunk
298,TX,Students4Trump8
299,TX,JakieCabe
300,TX,cblair3466
301,TX,james_grey4
302,TX,runlong01
303,TX,rreactor
304,TX,BarryDotUS
305,TX,moderate2severe
306,TX,LaurenMuzyka
307,TX,suzaltobello
308,TX,rachel_deering
309,TX,DallasGunSales
310,TX,truckals
311,TX,Rachaelage
312,TX,fhaloandallas
313,TX,IvisBoDavis
314,TX,67dfm
315,TX,digitalsuccess1
316,TX,EaterDallas
317,TX,kevinone
318,TX,kimberlykc11
319,TX,w0bear
320,TX,Gabe_Coppinger
321,TX,smoovurban09
322,TX,STRTDallas
323,TX,blckdfw
324,TX,eriklevert
325,TX,Brycedrums
326,TX,rightandbrown
327,TX,dustinbennett76
328,TX,alexandraswann
329,TX,jenifersoflous
330,TX,dennisjansen
331,TX,crethdavis
332,TX,Bart_39
333,TX,NoelDominicci
334,TX,LarryMathys
335,TX,FarmerGaile
336,TX,ZoueAndres
337,TX,salacornia
338,TX,chrissadeghi
339,TX,DougAaron
340,TX,WeirOnlyHuman
341,TX,ChefDeLeon
342,TX,JoshtheSandwich
343,TX,jimyster
344,TX,Abdullayevel
345,TX,puppetzeIda
346,TX,JosephWBentley
347,TX,ViralTrueStarz
348,TX,JodiHoule
349,TX,RonChavisRadio
350,TX,_leosantos
351,TX,robdcasler
352,TX,kennethtlowe
353,TX,SusanSmith38
354,TX,m0304mcclure
355,TX,JimWard6
356,TX,Patricia_Ann6
357,TX,richcasa
358,TX,bobj72
359,TX,RealJBradly
360,TX,DallasSingleMom
361,TX,rubinsafaya
362,TX,GRANADAPOSTERS
363,TX,SaintsRearview
364,TX,delta2142
365,TX,randallselin
366,TX,DomDiFurio
367,TX,GaryBurford12
368,TX,usa67us
369,TX,gbjp3321
370,TX,rayjr0834
371,TX,JimBrownRealtor
372,TX,KLUV987
373,TX,RonigeeDawg
374,TX,eastdallasnews
375,TX,CindyReynolds
376,TX,Dallas4Bernie
377,TX,zimbabwekid
378,TX,DiMartinoBooth
379,TX,jp_malone
380,TX,duanewilliams
381,TX,Texas_Trumper
382,TX,jimonlight
383,TX,jsr72748
384,TX,real_one23
385,TX,kyliewylie78
386,TX,TimDammon
387,TX,DaveDmart30959
388,TX,AlexCena_TX
389,TX,RogueFather
390,TX,townbrad
391,TX,POLSFortWorth
392,TX,blckfortworth
393,TX,TheLibertyProj
394,TX,Frontier_2000
395,TX,CorDev_
396,TX,shelton_ken
397,TX,dfwbreakingnews
398,TX,Well_RN
399,TX,davetelfer
400,TX,Alxandro
401,TX,dfwseniors
402,TX,orbit_713
403,TX,wickallison
404,TX,tlangford
405,TX,yourltldogtoo
406,TX,theonlyrealbari
407,TX,POLSDFW
408,TX,Preiszless
409,TX,menjicm
410,TX,OldRowSwig
411,TX,emerwin
412,TX,jnhanley
413,TX,isabelcutillar
414,TX,MacMcCannTX
415,TX,bpclifton
416,TX,qle86
417,TX,JerettWalters
418,TX,SoMetroRadio
419,TX,Central_Track
420,TX,pcurry57
421,TX,TxsleuthUSA
422,TX,marketing_ivy
423,TX,Kelly62u
424,TX,johnrtworld
425,TX,cvptexas
426,TX,shawnsoulsby
427,TX,caleb_sawyer
428,TX,bmitchell4217
429,TX,makeupgurlee
430,TX,xtinariechelle
431,TX,Rizalrazu21
432,TX,Autistikids
433,TX,mhermens
434,TX,BellaDonnaX
435,TX,Marknovakusa
436,TX,_Lone_Star
437,TX,ZackKorman
438,TX,InnerPowerShop
439,TX,uvujezo
440,TX,DFWSmallBiz
441,TX,RobertWilonsky
442,TX,JoyceCoates
443,TX,LisaLewisNSC
444,TX,FactsB4Emotions
445,TX,TSgtAF
446,TX,tejano611
447,TX,josephwillis54
448,TX,mwtnews
449,TX,DailyVitaminJ
450,TX,kacie_crabtree
451,TX,ldb123456
452,TX,TruCelt
453,TX,mafoilfield
454,TX,SchonfelderBill
455,TX,CBS7News
456,TX,msnightwriter
457,TX,chyanna_ashwood
458,TX,terryjahraus
459,TX,Mawbosss
460,TX,Samuels_DFW
461,TX,chuckisner
462,TX,rogersandout
463,TX,MooreHomes1
464,TX,graca5683
465,TX,RobFowler4TG
466,TX,unavozunida
467,TX,Local2NewsKMID
468,TX,Alejand37305192
469,TX,caounderwood
470,TX,berthag70
471,TX,MRTOilBiz
472,TX,jjenn875
473,TX,Watkinsmfg
474,TX,MRTEducation
475,TX,SenorAlgodon90
476,TX,EgbBrite4774
477,TX,RichardPeppas
478,TX,ToneeRhianRose
479,TX,capn_rainebeard
480,TX,RB98SS
481,TX,WorshiperJess
482,TX,danielv2017
483,TX,mandye_proctor
484,TX,aen_texas
485,TX,RayRay1729
486,TX,RyanBartholomee
487,TX,haydengagesmith
488,TX,sbcochran
489,TX,quoteseradius
490,TX,NaughtyBeyotch
491,TX,SamuelsLandman
492,TX,CandyArmstron14
493,TX,PHX_Creative
494,TX,EvaSalcido
495,TX,korea71
496,TX,eetmorjello
497,TX,valsochahi
498,TX,T_Prehn
499,TX,Miriam2626
500,TX,StanSmithTexas
501,TX,dluxmaroon
502,TX,KPEJFOX24News
503,TX,AskRobertWhite
504,TX,0152_432
505,TX,lubbockjournal
506,TX,ChadHastyRadio
507,TX,bryceholson
508,TX,Vote4Evan2016
509,TX,Sugarshell
510,TX,gibunnys
511,TX,themitchmayes
512,TX,Werdnat
513,TX,Dee_R_Mahoney
514,TX,RustyGoat
515,TX,TopDogChip
516,TX,shirley_cogdill
517,TX,Coeleborn
518,TX,GranadoNickolas
519,TX,kbzotv
520,TX,li11yy
521,TX,KCBD11
522,TX,wolfe_gordon
523,TX,BlackSheep0ne
524,TX,dtfdamon
525,TX,JairME_ED
526,TX,ErbestHodge
527,TX,FedAdvLubbockTX
528,TX,ProjectSoundMag
529,TX,Weird_Wesley
530,TX,TimmOhhhTheee
531,TX,texastechmommy
532,TX,CharlesDunn2
533,TX,justinkeene
534,TX,JOEadj
535,TX,peteypete05
536,TX,called2life
537,TX,KLBKNews
538,TX,CfRussell44
539,TX,MrFerrisWheel
540,TX,magdalenasaldan
541,TX,abbiegirl95
542,TX,JewishHuey
543,TX,Redheadedbird
544,TX,PaulAllenHunton
545,TX,reatcory
546,TX,RachBlevins
547,TX,MayforTexas
548,TX,RedFrocket
549,TX,HabiduConnery
550,TX,DynnysDerwydd
551,TX,RWDarnell
552,TX,hnguthrie
553,TX,lh4america
554,TX,lubbockonline
555,TX,heidi_toth
556,TX,sarahrafique
557,TX,ShelbyKaral
558,TX,thepoetmendez
559,TX,SoSweetLucidity
560,TX,vrad99
561,TX,tmanhansen95
562,TX,chenchenwrites
563,TX,nhoutexusa
564,TX,DeesRockNation
565,TX,hopalong85
566,TX,SsScholar
567,TX,SpinCircleDance
568,TX,Craigley
569,TX,michonne_mcevil
570,TX,quantum_rhino
571,TX,JCaesareo
572,TX,TTUWSP
573,TX,thehamptons0203
574,TX,rockyham
575,TX,kctipton
576,TX,toni_sisson
577,TX,luisaflorezmd
578,TX,BobbyShrimpton
579,TX,NebIsBen
580,TX,donaldacrey
581,TX,TheRealSparki
582,TX,dbroussa
583,TX,JerryBrunson
584,TX,BlessingWokocha
585,TX,Speechlesstx
586,TX,Quatney
587,TX,DavidKemp6
588,TX,TexasMedicalMan
589,TX,Amarillotxsguy
590,TX,MyInfo34713423
591,TX,ABC7Amarillo
592,TX,Rudyy01G
593,TX,jeniferwilliam_
594,TX,Joey_theGod99
595,TX,imfmguy
596,TX,danstruchen
597,TX,Dubyafree
598,TX,NathanLHowell
599,TX,wusskween
600,TX,EddieCunningha1
601,TX,lostatwalmart
602,TX,playerfatchick
603,TX,vvlllnetherton
604,TX,nwbratton
605,TX,Lye8721
606,TX,dembigmouthdems
607,TX,MyBrandonTV
608,TX,livinlifeeasy
609,TX,MudCat007
610,TX,NewsChannel10
611,TX,DanielShiplet
612,TX,Brookslei
613,TX,phyllis_tebo
614,TX,AGF3
615,TX,Telemundo_KEYU
616,TX,TexasCotton_
617,TX,kcgogirl
618,TX,COGComWeb
619,TX,ElainePierson2
620,TX,MadManWithBox10
621,TX,fabulouslula
622,TX,ssgintx
623,TX,rogerhodges
624,TX,PeterKanelis
625,TX,archermtsu
626,TX,Scubadogg
627,TX,KAMRLOCAL4NEWS
628,TX,10rock
629,TX,amarillojournal
630,TX,jkanelis
631,TX,janet79015
632,TX,bavegan2951
633,TX,_grace_eli_
634,TX,EdAttebury
635,TX,alissongiaretta
636,TX,derrell_robin
637,TX,AJAkatsuki
638,TX,ShannaPeeples
639,TX,BerryFelder
640,TX,lowbrasspatriot
641,TX,Serjbart69
642,TX,jlculbert
643,TX,kemp_travis
644,TX,Don1683048Don
645,TX,NotYourLogic
646,TX,will_lechner
647,TX,DesireeLandon
648,TX,robotfriday
649,TX,LowellLincycomb
650,TX,Trenton_Morgan7
651,TX,Hands4America
652,TX,Ismaelb
653,TX,LightChuck
654,TX,CamachoKathy
655,TX,Horrorking321
656,TX,hchdwalker
657,TX,cheyshifflett
658,TX,karenan29064381
659,TX,txlatinchic
660,TX,advancedwelding
661,TX,FormerlyFormer
662,TX,TheNerdyNegro
663,TX,fashion2040
664,TX,blckhouston
665,TX,docrocktex26
666,TX,BrumbaughJeanne
667,TX,DigitalReview_
668,TX,sward70
669,TX,HallwayJack
670,TX,cselldin
671,TX,EatPrayVote
672,TX,HOUmanitarian
673,TX,MPMOTORHOUSE
674,TX,MADowellVest
675,TX,Emilio_Cab
676,TX,SalihSarikaya
677,TX,Citizens4Trump
678,TX,livelyupmon
679,TX,fmonaldi
680,TX,johninhou
681,TX,JesseKellyDC
682,TX,DrH_Henderson
683,TX,Zepp1978
684,TX,mary52lr
685,TX,realreec
686,TX,PolsHouston
687,TX,Wanzerfan
688,TX,SincerelyWendy
689,TX,KatMcKinley
690,TX,jarrettwrites7
691,TX,Justin81523862
692,TX,bjusticeee
693,TX,mbb71
694,TX,Sferr
695,TX,squeakytoy
696,TX,SusanPoe7
697,TX,ldiazammo
698,TX,chip_pringle
699,TX,EnvestorFirst
700,TX,DefendWallSt
701,TX,AlbertKLu
702,TX,TexianRising
703,TX,Jmetromusic
704,TX,TelemundoHou
705,TX,RekhaKHOU
706,TX,PhilanEdu
707,TX,TAGOS22
708,TX,R_U_Srs
709,TX,mattlanza
710,TX,MexcanExpulsion
711,TX,bucwaas
712,TX,JarrodKeeling
713,TX,jenniedashiell
714,TX,thaiparampil
715,TX,margcellent
716,TX,bizlawyertexas
717,TX,brettstephen
718,TX,Godballls
719,TX,GrittyTea1
720,TX,Andrew__Caruana
721,TX,allopolo
722,TX,PineyPointG
723,TX,Elena75769445
724,TX,bshirley
725,TX,BakerMexicoCtr
726,TX,TheRealMrBoots
727,TX,Patrick_Leach
728,TX,TXJust4Kicks
729,TX,menjicm
730,TX,MiWi713
731,TX,sggomg
732,TX,gkmadhav
733,TX,GDBlackmon
734,TX,HahnAmerica
735,TX,raquellewis
736,TX,hamzashaikh1
737,TX,SandraNashville
738,TX,BTtrades
739,TX,Lizw107
740,TX,Sean34953Ryan
741,TX,RElaineGarner1
742,TX,houstonstyle
743,TX,smcorrespondent
744,TX,dirtysouth49
745,TX,BCMEthics
746,TX,Stella_Basham
747,TX,LRAraiza
748,TX,drmaggiesa
749,TX,KHOU
750,TX,bsampsr1
751,TX,lgothard
752,TX,lsgolfdaddy
753,PA,afterthebridge
754,PA,Prenticekid
755,PA,BrandEase
756,PA,BMCdemocrats
757,PA,dar_thomas
758,PA,TheCherryPiTT
759,PA,hamsandcastle
760,PA,dianeroznowski
761,PA,kayla_gattuso
762,PA,StephenJ_Caruso
763,PA,Parsifalssister
764,PA,kocyildirim
765,PA,SheilaRomano1
766,PA,quirkyandklutzy
767,PA,ShanghaiSix
768,PA,aztralala
769,PA,TC_for3
770,PA,LastCallLawrenc
771,PA,PghBizTimes
772,PA,theinclinepgh
773,PA,eCareDiaryJohn
774,PA,LittleBlackRobe
775,PA,PGHGenListen
776,PA,PittsburghPG
777,PA,burghseyeview
778,PA,smallbiztool
779,PA,jsilverpg
780,PA,bikesbeerbooks
781,PA,gamurgis
782,PA,Boudreauxdadog
783,PA,MarcyLynn226
784,PA,YinzBot
785,PA,fothumbzdown
786,PA,TimHaas70
787,PA,ASerignese
788,PA,CassMBruno
789,PA,MichaelJDaPos
790,PA,MarkNCato
791,PA,DCoreno
792,PA,caseystubbs
793,PA,LuvaraLawGroup
794,PA,ToddtheBod12
795,PA,ThePittsburgher
796,PA,ss16supersonic
797,PA,PaCrossroads
798,PA,dpware
799,PA,nahumshalman
800,PA,JennBercini
801,PA,Bill_StewartIII
802,PA,FuQDonaldTrump
803,PA,bhart62
804,PA,AlekPierchalski
805,PA,UwuaMan
806,PA,cokezerodiet
807,PA,virulentprotein
808,PA,biffrendar
809,PA,bucco_resist
810,PA,angidas
811,PA,Tzeriel
812,PA,dino_71pgh
813,PA,julianrouth
814,PA,heman493
815,PA,misfit_lenz
816,PA,mycoolski
817,PA,mttmoret
818,PA,TimRossComedy
819,PA,luvthemstillers
820,PA,ALWolfMusic
821,PA,MaryFrankIMSD
822,PA,wfrolik
823,PA,POLSPittsburgh
824,PA,kerripoli
825,PA,KnightsofNeeee
826,PA,STRTPittsburgh
827,PA,porn_horse
828,PA,TallHenri
829,PA,TheHoundofUlad
830,PA,ChrisDClay
831,PA,BM_Butane
832,PA,destroyideas
833,PA,liznaz253
834,PA,vanekatthedisc0
835,PA,udekel
836,PA,Rob_Wall_ace
837,PA,diane_cornball9
838,PA,msjusticetweets
839,PA,x4PITTS1BURGH2x
840,PA,sevenwithcheese
841,PA,randomsubu
842,PA,repealhealthact
843,PA,luftherz
844,PA,Lacosmicllama
845,PA,elwin15208
846,PA,cfenton23
847,PA,driven2drink
848,PA,blckpittsburgh
849,PA,rivalsanlendo
850,PA,BenHamm17
851,PA,DaShanneStokes
852,PA,pghdads
853,PA,dcarney
854,PA,TomMiller72
855,PA,BabylonIdeas
856,PA,Living_PGH
857,PA,PIRATE1775
858,PA,drnuncheon
859,PA,jdh6730
860,PA,justinsanesolo
861,PA,Krogs140
862,PA,JenniePalmer
863,PA,CougarDemocrats
864,PA,sixxis311
865,PA,jonny_is_good
866,PA,tyler_tyler_tyl
867,PA,AIDSguyPgh
868,PA,tavo_valenciaIV
869,PA,burghline
870,PA,USWBlogger
871,PA,rmclayton1
872,PA,redpenmamapgh
873,PA,dougcoulson
874,PA,lightuptheFIRE
875,PA,clayfisher
876,PA,TheVamBrony
877,PA,MULatinoStudies
878,PA,stevepearl
879,PA,peterp2690
880,PA,DRayRaven
881,PA,JKGgroupMS
882,PA,k_r_eckert
883,PA,MrBoddy2005
884,PA,pennstfan
885,PA,RadioPA_Rachel
886,PA,ARIPPAORG
887,PA,WGAL
888,PA,Blessti
889,PA,TalarisWattsEL
890,PA,joeybaker09
891,PA,mythsforkids
892,PA,mcurryfelidae07
893,PA,aks2013
894,PA,mykatzrphat
895,PA,DinaLRelles
896,PA,wolfcustoms
897,PA,1curlybill
898,PA,edwardsbeck
899,PA,dailyitem
900,PA,LancasterYRs
901,PA,GOP_Elanco
902,PA,rtgipe
903,PA,FlyingSwall0w
904,PA,AlexanderDEgner
905,PA,DeeFBauscher
906,PA,iapprovethismsg
907,PA,cichuck
908,PA,Dana_TFSJ
909,PA,sreidenbaugh
910,PA,SCaterbone
911,PA,abc27News
912,PA,KnightCBS21
913,PA,HatticusFinch
914,PA,jamesdan21
915,PA,POLSHarrisburg
916,PA,andbarzel
917,PA,JScottJournal
918,PA,LatestREBuzz
919,PA,LorainBingham
920,PA,paenvirodigest
921,PA,thedjbutler
922,PA,wifeytypeshxt
923,PA,ltaub
924,PA,ALongclaws
925,PA,PAEmergencyPrep
926,PA,ipreston49
927,PA,GerryWevodau
928,PA,MattyRenn
929,PA,Coughlinreports
930,PA,TonyPhyrillas
931,PA,Graypets
932,PA,RockNMcLaughlin
933,PA,jimkacer
934,PA,cstevens790
935,PA,bucherca1
936,PA,mattmo812
937,PA,mjhillman06
938,PA,mcall
939,PA,ChanceAustin
940,PA,NickYost711
941,PA,benwoodpost
942,PA,krdgrace
943,PA,elliottBA
944,PA,p2son
945,PA,RobPugs717
946,PA,BerksGasTruth
947,PA,JackieRMark
948,PA,MyWLRI
949,PA,Greg_Carey
950,PA,CBS21NEWS
951,PA,LancasterOnline
952,PA,Ed_Pawlowski
953,PA,neuroradiology
954,PA,DougBrown011
955,PA,Jmc1764
956,PA,nateboateng
957,PA,Pathophilia
958,PA,smendler
959,PA,GeminijlwWilson
960,PA,tammy313
961,PA,RogerBaumgarten
962,PA,Professor_Fu
963,PA,JacklLuis
964,PA,ReadingEagle
965,PA,CompuScoop
966,PA,michaelrosa1979
967,PA,harrisburgers
968,PA,Dennis37084986
969,PA,MarieCusick
970,PA,CycleForward
971,PA,ejrocketman
972,PA,rcooley123
973,PA,veevy104
974,PA,jdennis247
975,PA,HateradeBaller
976,PA,Simcha_Shmuel
977,PA,Mrjoesaporito
978,PA,CapiEscorbuto
979,PA,gina_abigail
980,PA,yennikyelah
981,PA,ALLCAPSOFFICE
982,PA,opinionTT
983,PA,rlindberg748
984,PA,SoulofHolySpiri
985,PA,BlackCheeseDoug
986,PA,KBassick
987,PA,drshaheengulrez
988,PA,MattPetrillo
989,PA,haldonahue
990,PA,MrWill85
991,PA,Iamzteach
992,PA,NickyTheFish1
993,PA,spookailee
994,PA,ScottLa49596424
995,PA,ksoze43
996,PA,ET_Studios
997,PA,MissTee51
998,PA,CentAmPolMike
999,PA,jathomas551
1000,PA,blaiseyblaiseee
1001,PA,allisonxoxo6
1002,PA,christi_evanss
1003,PA,bag0fdicks
1004,PA,New_Jersey87
1005,PA,Rosebud1668
1006,AL,MrWendell29
1007,AL,AdyslistCom
1008,AL,drjoshk
1009,AL,JohnTWVTM13
1010,AL,colincampboyd
1011,AL,dlscott1111
1012,AL,StarCoreOne02
1013,AL,DailyHome
1014,AL,jordanham5
1015,AL,tall_walton
1016,AL,tylersuits
1017,AL,RealHankCarter
1018,AL,BenSearsMSYS
1019,AL,VickyCJ11
1020,AL,AlecinMD
1021,AL,BurrForman
1022,AL,crewless
1023,AL,dwaynecobb
1024,AL,NeonAstronaut
1025,AL,H2MBS
1026,AL,auburnbabe2428
1027,AL,ricky35244
1028,AL,ALcomBirmingham
1029,AL,jacoballison
1030,AL,WaterTechOnline
1031,AL,scott_hays
1032,AL,birminghamALNow
1033,AL,birmingham_jess
1034,AL,ijasongage
1035,AL,Jeffmorrissings
1036,AL,foolsandkids
1037,AL,PhillmyTruth79
1038,AL,HQZDV2
1039,AL,abc3340
1040,AL,KyleCrider
1041,AL,MichaylaBarber
1042,AL,HeluRemy
1043,AL,scott_mccollum
1044,AL,NPRrussell
1045,AL,griner
1046,AL,nicole_locyy
1047,AL,Bgolden53
1048,AL,WIAT42
1049,AL,Doxyma
1050,AL,Happeningbham
1051,AL,Deadlyalpaca
1052,AL,Garybham
1053,AL,SumitIronMetal
1054,AL,BrendaFagan1
1055,AL,ValerieVining
1056,AL,Kdcarden
1057,AL,Mr_Peege
1058,AL,spotavia
1059,AL,mustango13
1060,AL,TederraJohnson
1061,AL,blckbirmingham
1062,AL,ibejac
1063,AL,Sly_King48
1064,AL,CLMTBirmingham
1065,AL,toden7826
1066,AL,Zac_Du
1067,AL,AnnRother
1068,AL,ShereaHarris
1069,AL,SarahWVTM13
1070,AL,nomakeup3
1071,AL,GuyMCarter
1072,AL,murdochdavis
1073,AL,sarah3340
1074,AL,SportsandSwag
1075,AL,FashionBeautyA
1076,AL,keith9432
1077,AL,ChrisCw1732758
1078,AL,horsley_l
1079,AL,itbarbee
1080,AL,WBRCnews
1081,AL,POLSBirmingham
1082,AL,STRTBirmingham
1083,AL,BhamlawJohnny
1084,AL,IvoryRymes
1085,AL,firstlenders
1086,AL,jculwell9
1087,AL,shotglassmusic
1088,AL,the1janitor
1089,AL,HOF39
1090,AL,ppalmer1952
1091,AL,WVTM13
1092,AL,Momfullofhope
1093,AL,UgochiWBRC
1094,AL,saved67
1095,AL,BlueSoutherner
1096,AL,roger_wehner
1097,AL,xprettylady_
1098,AL,ConsultDrSteve
1099,AL,ALcomMobile
1100,AL,ksrc5175
1101,AL,nvraine
1102,AL,HelmutThick
1103,AL,ICITorg
1104,AL,CoolByChoice_
1105,AL,Mikewhitney15
1106,AL,ingmsanchez
1107,AL,strahanmsr
1108,AL,j20godschild
1109,AL,libertad805
1110,AL,joycekevon
1111,AL,BaconNation1
1112,AL,Stevenwhirsch99
1113,AL,rhondasmith
1114,AL,ctuckerprof
1115,AL,JerryFalletta
1116,AL,sandeefree
1117,AL,chonabo
1118,AL,shitlorddaddy
1119,AL,andrew_williams
1120,AL,Gwandad
1121,AL,fleedodge
1122,AL,LOCAL15NEWS
1123,AL,IMDORA2
1124,AL,BBInnKetchikan
1125,AL,Chopster55
1126,AL,BrendaRichie
1127,AL,kellymlong
1128,AL,ExitGuyAL
1129,AL,vapaperpusher
1130,AL,SouthrnJabber
1131,AL,TracyBrendal
1132,AL,shihtzuman
1133,AL,RobertMabr
1134,AL,CollierRefriInc
1135,AL,neverhillary72
1136,AL,jhendoh
1137,AL,jagsusa
1138,AL,uccio_genny
1139,AL,eashleyvickers
1140,AL,amy57201970
1141,AL,wonkchok
1142,AL,Duffy_1958
1143,AL,HealyLee
1144,AL,tammywalt61
1145,AL,rosalokey
1146,AL,fmtalk1065
1147,AL,pmswolfy
1148,AL,gavinbusby
1149,MI,sean_zorn
1150,MI,MrHastings23
1151,MI,tbridisign
1152,MI,girl_wyoming
1153,MI,ChopinNotes
1154,MI,aclarkwealth
1155,MI,WOODRADIO
1156,MI,attilabokor
1157,MI,richard2mi
1158,MI,Wildharv
1159,MI,backagainfornow
1160,MI,AidenKnox757
1161,MI,WMChristianNews
1162,MI,Helluh31
1163,MI,gant1014
1164,MI,Marvis_WOODTV8
1165,MI,MelanieKurdys
1166,MI,wzzm13
1167,MI,CWHarris2
1168,MI,droosien
1169,MI,AdrianGlaspyNew
1170,MI,Bleeckerrr
1171,MI,RebekahJolene
1172,MI,Kirky_Bhoy
1173,MI,thabigQ
1174,MI,Chris_J_Kemp
1175,MI,MeghanBunchman
1176,MI,PerspicaciousXY
1177,MI,maddymaffy
1178,MI,JacquelinSusann
1179,MI,BytubeDev
1180,MI,djcalvindrent
1181,MI,BotB_Show
1182,MI,ghostofdark
1183,MI,SentinelZads
1184,MI,pdamra
1185,MI,CierraSlater15
1186,MI,1230WTKG
1187,MI,brainconfetti
1188,MI,tamiam71
1189,MI,jr_bohl
1190,MI,mrvmeck
1191,MI,JulianDocherty5
1192,MI,DeborahMcNama12
1193,MI,HiImZakD
1194,MI,LNSchen
1195,MI,paulmayhue
1196,MI,alyciasea
1197,MI,DanDBear
1198,MI,grassfedorganic
1199,MI,jacobdellinger1
1200,MI,iCybreCat
1201,MI,pamglick
1202,MI,1689_federalist
1203,MI,Ray_N_MI
1204,MI,PhilipEastman
1205,MI,JulieAnnaDeLuce
1206,MI,HollandSentinel
1207,MI,galacticdeep
1208,MI,Brian554xx
1209,MI,Pur48Ted
1210,MI,FoFradio
1211,MI,MoberlyG
1212,MI,Logan15538
1213,MI,gramicus
1214,MI,ghtalkradio
1215,MI,jawwatts
1216,MI,Patongah
1217,MI,pstljoey
1218,MI,AlphaShacks
1219,MI,stampergr
1220,MI,DMPhelps
1221,MI,deadgirl_66613
1222,MI,MME_GRANDRAPIDS
1223,MI,JonnyCameras
1224,MI,Garyleejeffrie2
1225,MI,bachnor
1226,MI,PLeland
1227,MI,bkmacdonald
1228,MI,davisrex58
1229,MI,spidermonkey765
1230,MI,_KyleWay
1231,MI,EricHultgren
1232,MI,BetweenRichards
1233,MI,onecowherd
1234,MI,WOODTV
1235,MI,tamjjon
1236,MI,JRWStormy
1237,MI,Dejan_Jancevski
1238,MI,LumLotus
1239,MI,wanhasha
1240,MI,ZhemJZ
1241,MI,OreoStallion
1242,MI,james_ka_smith
1243,MI,sproutdistro
1244,MI,mozartplayer
1245,MI,dhfull50
1246,MI,PeaceEdCenter
1247,MI,ToddHall45
1248,MI,coffeegulper
1249,MI,Current_Spartan
1250,MI,TOPWentz
1251,MI,Woods1Dr
1252,MI,PK_Henderson
1253,MI,BotOfX
1254,MI,Maddie2480
1255,MI,jennster8
1256,MI,TalkingTiger44
1257,MI,CoachKling
1258,MI,C_EmilyDurbin
1259,MI,GhostyOnThird
1260,MI,leptonhadron
1261,MI,Robertkinnison3
1262,MI,MrHeany
1263,MI,Blueghia74C
1264,MI,Noid_ebooks
1265,MI,bibireisdorf
1266,MI,RyanSchuiling
1267,MI,AndrewMCooney
1268,MI,chrozy
1269,MI,spgreenhalgh
1270,MI,joegarner54
1271,MI,BigRep23
1272,MI,Peterbaby94
1273,MI,Mel66
1274,MI,maddymaffy
1275,MI,McMathketball
1276,MI,charles_gaba
1277,MI,ryan_pierce_esq
1278,MI,MattGrossmann
1279,MI,Clonkity_ebooks
1280,MI,CherylCaesar
1281,MI,DangFool
1282,MI,6549lmartin
1283,MI,longarmdan
1284,MI,The_Jordan_X
1285,MI,notalekmichael
1286,MI,InterKen
1287,MI,ChadLivengood
1288,MI,IPPSR
1289,MI,DJisEternity
1290,MI,JaniceMRay1
1291,MI,cantus94
1292,MI,Maddie_Jones515
1293,MI,ttraster_
1294,MI,mabry4849
1295,MI,petgarsar
1296,MI,stych626
1297,MI,christensen143
1298,MI,jojokearsley
1299,MI,DoomsdayMama
1300,MI,ACoupleofKochs
1301,MI,Dr_G_Enigma
1302,MI,PerroneLewisMS
1303,MI,Scimitar_98
1304,MI,andi_frost
1305,MI,asElijahseesit
1306,MI,sanuzis
1307,MI,Sheril_
1308,MI,jonathanoosting
1309,MI,scottrheath
1310,MI,rbemrose
1311,MI,POLSLansing
1312,MI,DrRayGasser
1313,MI,LSJNews
1314,MI,Phillip_Stout
1315,MI,myrudy32
1316,MI,SergioMarBel
1317,MI,barfiok
1318,MI,zahid_tanvir
1319,MI,RealRickHarris
1320,MI,HoodieNoCrime
1321,MI,rick0067
1322,MI,szelin127
1323,MI,sjdemas
1324,MI,TychoAussie
1325,MI,JohnSurago
1326,MI,davisrex58
1327,MI,DavidBLowry
1328,MI,GillardAutumn
1329,MI,SGrettenberger
1330,MI,JorisWentink
1331,MI,DebbieHoward213
1332,MI,pineapplebrat
1333,MI,BenGohs
1334,MI,AndrewKingHDN
1335,MI,kmozz96
1336,MI,WJAaron
1337,MI,paganman71
1338,MI,JOEPawlak13
1339,MI,Dejan_Jancevski
1340,MI,Jayhoward517
1341,MI,Pekingnasty
1342,MI,casukee
1343,MI,warner_tweets
1344,MI,ward_gabe
1345,MI,bluegillgrill
1346,MI,ElizabethHRBr
1347,MI,jzman299
1348,MI,AThiemkey18
1349,MI,iisaiahgarrettt
1350,MI,try2canbuticant
1351,MI,Based_Shinji
1352,MI,CharliePryor
1353,MI,Conveyorware
1354,MI,ShobitaP
1355,MI,BelkoMj
1356,MI,efcloos
1357,MI,WandaGardenLvr
1358,MI,MichiganNation2
1359,MI,cheri_gooden
1360,MI,chnealjr
1361,MI,Carlos214Carlos
1362,MI,HealthcareMich
1363,MI,Mr_West20
1364,MI,nancyflanagan
1365,MI,klucygoosey
1366,MI,AttorneyTracey1
1367,MI,yourbestfan
1368,MI,DuckGuyy42
1369,MI,GregVarnum
1370,MI,muffette2
1371,MI,doolittlelady
1372,MI,CherundaFox
1373,MI,SteveKarol
1374,MI,ClimateTalker
1375,MI,ACoupleofKochs
1376,MI,AlexKourvo
1377,MI,edsdet
1378,MI,macjon88
1379,MI,Michiganman567
1380,MI,samhfinn
1381,MI,HenryOray
1382,MI,jason_shinn
1383,MI,LOLGOP
1384,MI,davidbewart
1385,MI,cwhitney17
1386,MI,AJHowHard13
1387,MI,notalekmichael
1388,MI,mauracunningham
1389,MI,saysthepea
1390,MI,EminemsRealMrs
1391,MI,joexiii007
1392,MI,RJazz117
1393,MI,jricole
1394,MI,MCmuckraker
1395,MI,Dscottie_
1396,CO,tomwannamaker
1397,CO,loybanks
1398,CO,rafael_fanola
1399,CO,WavyKirk
1400,CO,Godless_Gamer
1401,CO,BlissfulBeauty
1402,CO,Dull_Investing
1403,CO,TyronTouchard
1404,CO,misguidedangel9
1405,CO,tonytee1968
1406,CO,LoverofAll777
1407,CO,WritingAsIGo
1408,CO,Daniel_J_W_Cole
1409,CO,AskGordonNow
1410,CO,csgazette
1411,CO,nicoleincos
1412,CO,lexicaldrrift
1413,CO,VikiLVelazquez
1414,CO,590kcsj
1415,CO,Brysifan12
1416,CO,now_springs
1417,CO,KKTV11News
1418,CO,secret08
1419,CO,scarlin
1420,CO,KRCC
1421,CO,Cjgodiva
1422,CO,JcindyinA
1423,CO,DanCMos
1424,CO,ecmprint
1425,CO,RobinBullock
1426,CO,SpringsRaff
1427,CO,MClarissa
1428,CO,jeremyburns44
1429,CO,lameassanch_
1430,CO,MichaelDelauzon
1431,CO,MagnetG719
1432,CO,ChasFlemming
1433,CO,MzDeeVa4you
1434,CO,thickasabrick52
1435,CO,CyclisteFemme
1436,CO,mesamaverick
1437,CO,BekajoiHarris
1438,CO,PatiAnn194
1439,CO,jeffavny
1440,CO,jeff5740
1441,CO,charlesfowler
1442,CO,Kalub85
1443,CO,Svear70
1444,CO,Stedams
1445,CO,DonnaRoszell
1446,CO,richard_77777
1447,CO,thebestmaggie
1448,CO,prattmomma101
1449,CO,aalizwills
1450,CO,lmao_mao
1451,CO,voicesinflux
1452,CO,IrishMason
1453,CO,OryansReflexion
1454,CO,Colorado_Right
1455,CO,sclark057
1456,CO,IKnowDominique
1457,CO,ThisIsDrivel
1458,CO,MikeMountainLuv
1459,CO,Meg_feldman
1460,CO,NotDavyCrockett
1461,CO,chipfoxx
1462,CO,sanchezcan
1463,CO,crimmigration
1464,CO,theRealAlterity
1465,CO,ESourceKeenan
1466,CO,RealJessJohnson
1467,CO,mswettwalker
1468,CO,ThomasRWatson
1469,CO,Mario__Savio
1470,CO,Rydalia
1471,CO,joshpreville
1472,CO,TPwn_Biggzzzz
1473,CO,FactChek
1474,CO,WREvans_atty
1475,CO,MaryWalden13
1476,CO,ToniAReynolds
1477,CO,y2k7s
1478,CO,lilwhip
1479,CO,PeePartyExpress
1480,CO,rpgraw
1481,CO,kevinmfield
1482,CO,JadedTechnology
1483,CO,douglasbholt
1484,CO,ericdmunoz
1485,CO,SGT_Durango
1486,CO,ThunderButty
1487,CO,shirleyyoung2
1488,CO,DustinKaban
1489,CO,onthetrail2016
1490,CO,say_cem
1491,CO,MLBDenver
1492,CO,BrandonJSavoy
1493,CO,iBeVanessa
1494,CO,keah88
1495,CO,GeorgeBrauchler
1496,CO,elset
1497,CO,DavidERod
1498,CO,milehighcompany
1499,CO,ShaunceDupree
1500,CO,impercipient
1501,CO,Krakn3dfx
1502,CO,ZillaCo
1503,CO,jeremy_maxie
1504,CO,JarredIngersoll
1505,CO,CCCmerkner
1506,AZ,ShirleyMArmenta
1507,AZ,senyorreporter
1508,AZ,dr_sdodds
1509,AZ,nngelawhlr
1510,AZ,mctaylo
1511,AZ,ASUbuckeye
1512,AZ,LARGESSE9826
1513,AZ,FernieSanders
1514,AZ,mikespector
1515,AZ,prayingmedic
1516,AZ,MBoyleAZ
1517,AZ,barkingtunaweb
1518,AZ,GreatMikeHawes
1519,AZ,HumanHouseCat
1520,AZ,humpsmarter
1521,AZ,sparbanie
1522,AZ,Rach_IC
1523,AZ,jujueve2004
1524,AZ,z7greens
1525,AZ,AZGolfTP
1526,AZ,RachelBanksy2
1527,AZ,BeingMii
1528,AZ,jeffery_harlan
1529,AZ,Roberto69272275
1530,AZ,fanoonman
1531,AZ,jefflowy
1532,AZ,DeplorableKaren
1533,AZ,yoitsanahita
1534,AZ,JazzardIsh
1535,AZ,_xoxomari_
1536,AZ,BranGoch
1537,AZ,MadBuddhaAbooza
1538,AZ,LucasDunker
1539,AZ,JABialek
1540,AZ,AZVern
1541,AZ,randyeking
1542,AZ,PeterLowine
1543,AZ,tdkinser
1544,AZ,JTTriguero
1545,AZ,blckphoenix
1546,AZ,ThreeSonorans
1547,AZ,dt7767
1548,AZ,BrowningStephen
1549,AZ,littletboca
1550,AZ,BeianNorma
1551,AZ,joshsgirl000
1552,AZ,JRBuckley
1553,AZ,boldonenow
1554,AZ,kyleharmon21
1555,AZ,maggzilla2u
1556,AZ,mousterpiece
1557,AZ,LaddKeith
1558,AZ,TempeRepublican
1559,AZ,davebrook
1560,AZ,MilioCelori
1561,AZ,JamieMi64891458
1562,AZ,DornCook
1563,AZ,ViewBelowtheRim
1564,AZ,AZTanya
1565,AZ,WestJournalism
1566,AZ,POLSPhoenix
1567,AZ,rocki808
1568,AZ,DrMarthaGulati
1569,AZ,DaveListerDwarf
1570,AZ,DeanRStover
1571,AZ,AZAPACHE2009
1572,AZ,move2health
1573,AZ,randylichner
1574,AZ,btagency
1575,AZ,PyurEnergy
1576,AZ,arianavirdi
1577,AZ,IsTimeReal
1578,AZ,PurityPastor
1579,AZ,lillianwongloan
1580,AZ,troubadourcali
1581,AZ,DonnaDiva
1582,AZ,gfwbadass
1583,AZ,elle4hillary
1584,AZ,ThinksAlot2
1585,AZ,feistycoach
1586,AZ,BryanRoCruzAzul
1587,AZ,rolandeb
1588,AZ,CurrentlyPhx
1589,AZ,ChristianaFOS
1590,AZ,POLSTucson
1591,AZ,Joan_senesh
1592,AZ,kukweb
1593,AZ,statepress
1594,AZ,Diego4Justice
1595,AZ,wendyfarrier1
1596,AZ,debyd48
1597,AZ,rjack2136
1598,AZ,RebekahLSanders
1599,AZ,raythemoneyman
1600,AZ,docmurdock
1601,AZ,leadfuze
1602,AZ,keenetwin
1603,AZ,ADLArizona
1604,AZ,noahsmom7
1605,CT,lashtoncreepin2
1606,CT,kfarrell1776
1607,CT,whyPete
1608,CT,yghiaei
1609,CT,POLSHartford
1610,CT,Reynoldsrap_42
1611,CT,BrianAdamczyk
1612,CT,FOX61News
1613,CT,QuinnipiacPoll
1614,CT,QuyenCycles
1615,CT,JMillzzzzy0
1616,CT,DWalsh1221
1617,CT,SWEconnecticut
1618,CT,CarlyHoss
1619,CT,Drazor156
1620,CT,ZackGuertin
1621,CT,foltat
1622,CT,RichDavi
1623,CT,hasanali110
1624,CT,PaulineCate1
1625,CT,tragedyandhope
1626,CT,Middletownpress
1627,CT,KaloidisLawFirm
1628,CT,therealbmcclure
1629,CT,elianttech
1630,CT,WillSmithFOX
1631,CT,SloperCathy
1632,CT,CHNGHartford
1633,CT,_AStandish
1634,CT,hartfordcourant
1635,CT,mikaelaporterHC
1636,CT,RichardConniff
1637,CT,kathymegan
1638,CT,SNAKE_PR_
1639,CT,JustinPell03
1640,CT,SteveSinger10
1641,CT,CLMTHartford
1642,CT,slovakheidi
1643,CT,erinvalentino
1644,CT,CaroleBrodey1
1645,CT,DanDDeutsch
1646,CT,JennBNews
1647,CT,BMarcati
1648,CT,VMIGina
1649,CT,ElizabethAbshe
1650,CT,njvfc123
1651,CT,FlyBoiiGreatOne
1652,CT,bradTmusic
1653,CT,RegisterCitizen
1654,CT,SRJ360
1655,CT,MortsSources
1656,CT,TheresaSB
1657,CT,BradDavis1360
1658,CT,bendicoot
1659,CT,GregoryBHladky
1660,CT,rep_am
1661,CT,andygiarnella
1662,CT,chuck2_0
1663,CT,mroth78
1664,CT,directorsilk
1665,CT,VTConfidential
1666,CT,juju_morrow
1667,CT,chrispkeating
1668,CT,ArcadiaFilmsLTD
1669,CT,Univision_CT
1670,CT,CT_Robbins
1671,CT,therealzander_
1672,CT,blckhartford
1673,CT,falsebinary
1674,CT,LorenzoHall
1675,CT,Rep80
1676,CT,debpearsonTX
1677,CT,superbus
1678,CT,BrettSaundry
1679,CT,ringoangel653
1680,CT,hankgolfer
1681,CT,brendanmahoney
1682,CT,georgeson1992
1683,CT,PrakashKashwan
1684,CT,bernierockson
1685,CT,mikewebberross
1686,CT,Akashik
1687,CT,gfj68
1688,CT,HealeyParera
1689,CT,JlmheonMelissa
1690,CT,RenewableSearch
1691,CT,DanLovallo
1692,CT,RSGAT
1693,CT,WTIC1080
1694,CT,michaeleaves
1695,CT,Bizprofitpro
1696,CT,durdlewitz
1697,CT,WOOKIE318
1698,CT,DavidMcGuireEsq
1699,CT,WFSBnews
1700,CT,Bill_Flood
1701,CT,lynestokes
1702,CT,radiochick1
1703,CT,MsShaynaT
1704,CT,Boothie___
1705,CT,dibiaso_anthony
1706,CT,publishyoufree
1707,CT,Eddie__Mac
1708,CT,CommAndo_23
1709,CT,itsreallyben
1710,CT,DavidDFed
1711,CT,mktownsend2
1712,CT,Rsox67Mark
1713,CT,2Astr0nauts
1714,CT,16nonno60
1715,CT,kgmcwilliams
1716,CT,mrchas422
1717,CT,JeffLurking
1718,CT,PatoineLuke
1719,CT,Marcus5F9
1720,CT,kenkrayeske
1721,CT,IncTrak
1722,CT,4thand1sports
1723,CT,Whalerfan70
1724,CT,MoreHisCode
1725,CT,roswellbeliever
1726,MO,homemadeguitars
1727,MO,RoyceStyles
1728,MO,jasongriffin1
1729,MO,AHCJ
1730,MO,StephanieDeClue
1731,MO,chuckhatfield
1732,MO,AshleyMAlbers
1733,MO,TheNelsonian94
1734,MO,bloodyhell
1735,MO,StuckeyFreddy
1736,MO,nikitarubita
1737,MO,LoriThombs
1738,MO,JessiPearcy
1739,MO,SpaciestStacie
1740,MO,Doug_Columbia
1741,MO,TylerJoCollins
1742,MO,CharlesDanielC1
1743,MO,davewalden
1744,MO,topproducermag
1745,MO,POLSJeffCity
1746,MO,domnkcmo
1747,MO,greenlitcrit
1748,MO,POLSColumbia
1749,MO,TopProducer360
1750,MO,madexposure
1751,MO,launcebmustoe
1752,MO,aprildelayne
1753,MO,KatHambrick
1754,MO,radiobuff
1755,MO,JoshGoodman2150
1756,MO,DylanBJackson
1757,MO,h4x354x0r
1758,MO,tracilizz
1759,MO,ottensam
1760,MO,BackAgainBen86
1761,MO,Colstanbarton06
1762,MO,charlotteirene8
1763,MO,RGs_artofpeace
1764,MO,MizzouSHEJ
1765,MO,2BSognare
1766,MO,jeffbelden
1767,MO,KKKOfficial311
1768,MO,GretngsFrmEarth
1769,MO,esqonfire
1770,MO,ShelbyDWoodward
1771,MO,ToddDoug
1772,MO,nasrene41
1773,MO,corncob53
1774,MO,rbaxmoddcouncil
1775,MO,jacobjargon
1776,MO,StephanieCampb4
1777,MO,RedRightNow
1778,MO,Bytemyhyny
1779,MO,JalapenoClem
1780,MO,hainesport2016
1781,MO,jcmarycal
1782,MO,KRCG13
1783,MO,Andrewgreatt2
1784,MO,DLButternut
1785,MO,hoffsbeefs
1786,MO,mikestaton1
1787,MO,donald_aper
1788,MO,Cedarlady
1789,MO,GarrettKRCG13
1790,MO,agripulse
1791,MO,Gwennie_G
1792,MO,AlfredFriendly
1793,MO,Panama6715
1794,MO,Redkighting2010
1795,MO,scifiGreta
1796,MO,THEWALL159
1797,MO,terrisoucek
1798,MO,PaulWKoehn
1799,MO,MorticianSam
1800,MO,alantharp1
1801,MO,Tenngun1
1802,MO,nysupstate
1803,MO,moonlightcougar
1804,MO,jimmyhuss3
1805,MO,ws_missouri
1806,MO,stevepokinnl
1807,MO,PaulAdlerTV
1808,MO,JoAnn_Bill
1809,MO,blackreba16
1810,MO,mystic247
1811,MO,auctnr1
1812,MO,brookstravis
1813,MO,LoriShull10
1814,MO,iam50fen
1815,MO,BarbaraFilbeck
1816,MO,LeeDeRossett
1817,MO,tgounleyNL
1818,MO,Candace_Scherff
1819,MO,CRileyNL
1820,MO,fprefect6
1821,MO,charlotteirene8
1822,MO,molly_the_tanz
1823,MO,lordmoneyman
1824,MO,kolr10kozl
1825,MO,BigBadBurch
1826,MO,sgfnews
1827,MO,DemoFan24
1828,MO,DebbieRay5
1829,MO,ayres_ryder
1830,MO,RicknMo
1831,MO,kytv
1832,MO,Danielm22019992
1833,MO,MJsJoint
1834,MO,ChumbleyKenneth
1835,MO,LindaBlunt
1836,MO,JustinCorrTV
1837,MO,carmenhynds
1838,MO,WeddingCastle
1839,MO,ksprnews
1840,MO,kbrown65807
1841,MO,c_sgeorge
1842,MO,alextheseagull
1843,MO,CoachLittle_5
1844,MO,SCBerkz
1845,MO,HodgeDR
1846,MO,IngridStolzel
1847,MO,randy_o1970
1848,MO,POLSKCMO
1849,MO,jrmiller962
1850,MO,bknauf
1851,MO,DMiddletonCbus
1852,MO,MikeVanPop
1853,MO,Bearcat2O11
1854,MO,worldgrain
1855,MO,jeffreywbruce
1856,MO,nine_oh
1857,MO,515Law
1858,MO,CLMTKCMO
1859,MO,Xitqu
1860,MO,dlcantwell
1861,MO,TheTristenL
1862,MO,Woody4KC
1863,MO,carrieannpark
1864,MO,1CrazyBeach
1865,MO,NolanKing
1866,MO,812whoops
1867,MO,ccanipe
1868,MO,AzaleaMW
1869,MO,41actionnews
1870,MO,_KansasCity_Mo
1871,MO,Newfoodaisle
1872,MO,ViscoLoveUS
1873,MO,sunbeam_53
1874,MO,GGerling
1875,MO,Deviator77
1876,MO,mixedmidwestern
1877,MO,MathFlashcards
1878,MO,oliviagiwa
1879,MO,PatChristophe11
1880,MO,spricehorn
1881,MO,bgkittrell
1882,MO,PhilMQuinn
1883,MO,SarahLStarnes
1884,MO,jeligon
1885,MO,Mick_Nagger
1886,MO,oldschoolvet74
1887,MO,KansasDailyNews
1888,MO,lawyerologist
1889,MO,pehtrawski
1890,MO,Chili_Meetz
1891,MO,WBrewsterMS
1892,MO,YaelTAbouhalkah
1893,MO,ellemoxley
1894,MO,Cerner
1895,MO,kmbc
1896,MO,STRTKCMO
1897,MO,JaneTb133b
1898,MO,Royals_BB_Champ
1899,MO,mgier
1900,MO,QuintonLucasKC
1901,MO,ScottComms
1902,MO,staubio
1903,MO,saminhim
1904,MO,COLWJDavis
1905,MO,lowtax
1906,MO,bhgross144
1907,MO,YoMommaLoveDope
1908,MO,clearmindKC
1909,MO,cole_persell
1910,MO,VoxQUINDARO
1911,MO,freshbalsamfir
1912,MO,ARIANAGRANDE_1Q
1913,MO,SecularByNature
1914,MO,thehipi
1915,MO,360WiseKC
1916,MO,Rach_Smalls
1917,MO,KayteeMuhree13
1918,MO,grandmajohnson5
1919,MO,truckwriter
1920,MO,gsqrd
1921,MO,stefanmendozaKC
1922,MO,jbranche5
1923,MO,KCStar
1924,MO,jameswneal
1925,MO,harobed
1926,MO,Mike618919295
1927,MO,shitweasel666
1928,MO,BLCKKansasCity
1929,MO,KesarSC
1930,NV,thejimfonggroup
1931,NV,jimfi1955
1932,NV,SamMiklosko
1933,NV,jaycamikenGL
1934,NV,whitefishglobal
1935,NV,RazzleTazzleMag
1936,NV,getslinkyoutube
1937,NV,cjvela2014
1938,NV,LloydZiel
1939,NV,stickyfacts
1940,NV,culliganmanjohn
1941,NV,NicoWiko
1942,NV,tmj_las_hrta
1943,NV,Official_Video
1944,NV,hmmmph36
1945,NV,jme_vegas
1946,NV,stephland007
1947,NV,obpair
1948,NV,houseofmax
1949,NV,desertrosebee
1950,NV,vegaslifetoday
1951,NV,Andromodid
1952,NV,DirtyDemocrat
1953,NV,VegasJessie
1954,NV,realhtmagazine
1955,NV,nightlife_nv
1956,NV,rantsinvegas
1957,NV,BWM702
1958,NV,QuantsNotNerds
1959,NV,fiverr_girl
1960,NV,leslymill
1961,NV,dropdeadcunts
1962,NV,5Guys_Trading
1963,NV,jdalla57
1964,NV,judyb4jesus
1965,NV,quant_tech
1966,NV,msgoddessrises
1967,NV,heidiw472
1968,NV,Deplorable76
1969,NV,bentlightnvegas
1970,NV,pool_party_lv
1971,NV,AuctionOneLV
1972,NV,JimmersonLaw
1973,NV,DragonShadowLV
1974,NV,jodeysullivan
1975,NV,VegasLilith
1976,NV,TacticalTony702
1977,NV,Culinary226
1978,NV,dissidenter
1979,NV,TheYearOfMyLife
1980,NV,MiguelG26346946
1981,NV,VIPISteveSanson
1982,NV,ATSExperts
1983,NV,QVegas
1984,NV,OyVegas
1985,NV,rare_candie
1986,NV,christyramsey
1987,NV,nvglenns
1988,NV,Blackbird5403
1989,NV,DizzyGirlSusie
1990,NV,Wayneweismantel
1991,NV,Alexx_bones
1992,NV,ericleer
1993,NV,marano_nick
1994,NV,karkhanechi
1995,NV,cathylinhche
1996,NV,debi2gary
1997,NV,SueReling
1998,NV,DennisHof
1999,NV,lindaleereyes
2000,NV,GailTriglia
2001,NV,GoodWolfPAC
2002,NV,CarsonCityDem
2003,NV,Soaresmell_
2004,NV,tashabot
2005,NV,aaronsimsnvgop
2006,NV,NVEmergencyPrep
2007,NV,fundamentalist
2008,NV,JimHartman007
2009,NV,chilebean3
2010,NV,Prince61A
2011,NV,scamboogah
2012,NV,Wilson5Mary
2013,NV,WilmaBlake10
2014,NV,jazzyhill50
2015,NV,hotlips89706
2016,NV,LawAbdinCitizen
2017,NV,robertinccnv1
2018,NV,Harper8riggs
2019,NV,JackFreer
2020,NV,MaggiMay88
2021,NV,POLSCarsonCity
2022,NV,MarcieMjensen19
2023,NV,RJREntertain
2024,NV,PledgerJan
2025,NV,EnLitendJourney
2026,NV,jacohoomankufta
2027,NV,tedmonds1978
2028,NV,acristancho
2029,NV,JasonJu68281405
2030,NV,Candacee
2031,NV,freejmsbrown
2032,NV,NorNevMLSAndrew
2033,NV,break2partyup
2034,NV,jjstevensjj
2035,NV,Chuck2165
2036,NV,univisionreno
2037,NV,wrennywrenn
2038,NV,da_buckster
2039,NV,ivefallenawake
2040,NV,lloydrfree1
2041,NV,bcinreno
2042,NV,KyleFerguson_
2043,NV,cathys808
2044,NV,CallieW1013
2045,NV,Srjdog
2046,NV,AnastasiaG57
2047,NV,joexhunt
2048,NV,cthulhucene
2049,NV,Donna_Saenz
2050,NV,topinsan
2051,NV,codavis7890
2052,NV,AndreaLamber
2053,NV,KRNV
2054,NV,GlobalProdRview
2055,NV,carriebury
2056,NV,Vance444
2057,NV,mathers_georgia
2058,NV,percivel
2059,NV,DamonParker1
2060,NV,BobTregilus
2061,NV,H_Scott_ot
2062,NV,_captnnmorgan
2063,NV,Sundialfitness
2064,NV,JessieA0906
2065,NV,ojibwe1974
2066,NV,CHNGReno
2067,NV,GExtraction
2068,NV,EvanSchauer_
2069,NV,stareitcold
2070,NV,boxingrich
2071,NV,doncoombs
2072,NV,ruthie2theright
2073,NV,AndroPLucich
2074,NV,andwhatamom
2075,NV,jan_antonelli
2076,NV,trulyjulie1
2077,NV,riteprices
2078,NV,psychohud
2079,NV,HeumannSzabo
2080,NV,KTVN
2081,NV,RexDouglasStock
2082,NV,sami_grace
2083,NV,POLSReno
2084,NV,jimtaylor127
2085,NV,SnowWhite_Lines
2086,NV,ScottForNevada
2087,NV,Shayna_Awesome
2088,NV,jkruzel25
2089,NV,ejosh1
2090,NV,CAragonPhoto
2091,NV,DCCOX
2092,NV,maltoy2000
2093,NV,FoxyCracker
2094,NV,suesista
2095,NV,terrifoster1
2096,NV,EvilGirl1970
2097,NV,fox11reno
2098,NV,JGraceRobins
2099,NV,Raycunn
2100,DC,firstladymtrump
2101,DC,JamboR1989
2102,DC,Ihave937flaws
2103,DC,bykowicz
2104,DC,Freedom_Daily
2105,DC,TrumpGotToGo
2106,DC,SpeedyFastMario
2107,DC,RawStory
2108,DC,AlexPalombo
2109,DC,tinabanks360
2110,DC,Dokkoi_Trump
2111,DC,sppeoples
2112,DC,AP_Politics
2113,DC,RMBerger
2114,DC,elwasson
2115,DC,DonnaYoungDC
2116,DC,SelenaGomesDC
2117,DC,kara_elder
2118,DC,d_mccarthy37
2119,DC,washingtonpost
2120,DC,mollybrowne
2121,DC,hello_gregory
2122,DC,CarrollDoherty
2123,DC,BrumanGroup
2124,DC,CatoInstitute
2125,DC,tomlobianco
2126,DC,ScottPaulAAM
2127,DC,StopThatAndy
2128,DC,sargentj45
2129,DC,MichaelCBender
2130,DC,davidabenner
2131,DC,JorgeGestoso
2132,DC,dariasteigman
2133,DC,firstladymtrump
2134,DC,JamboR1989
2135,DC,Ihave937flaws
2136,DC,bykowicz
2137,DC,Freedom_Daily
2138,DC,TrumpGotToGo
2139,DC,SpeedyFastMario
2140,DC,RawStory
2141,DC,AlexPalombo
2142,DC,tinabanks360
2143,DC,Dokkoi_Trump
2144,DC,sppeoples
2145,DC,AP_Politics
2146,DC,RMBerger
2147,DC,elwasson
2148,DC,DonnaYoungDC
2149,DC,SelenaGomesDC
2150,DC,kara_elder
2151,DC,d_mccarthy37
2152,DC,washingtonpost
2153,DC,mollybrowne
2154,DC,hello_gregory
2155,DC,CarrollDoherty
2156,DC,BrumanGroup
2157,DC,CatoInstitute
2158,DC,tomlobianco
2159,DC,ScottPaulAAM
2160,DC,StopThatAndy
2161,DC,sargentj45
2162,DC,MichaelCBender
2163,DC,davidabenner
2164,DC,JorgeGestoso
2165,DC,dariasteigman
0,IA,Lee_in_Iowa
1,IA,mechadaveo
2,IA,EliseFillpot
3,IA,cke5
4,IA,Jeff_Wernli
5,IA,BillEShirey
6,IA,reysr4
7,IA,Carrollmikej
8,IA,KathrynBurd
9,IA,bdehaan84
10,IA,facefullofbeard
11,IA,blubegonia
12,IA,ShannonRamsay
13,IA,SickOfSpin
14,IA,religulous
15,IA,snbemma
16,IA,ramikafa
17,IA,frenfer123
18,IA,dave_ashlock
19,IA,ABCTruckingJobs
20,IA,litcityblues
21,IA,KXICradio
22,IA,DSMcumdump
23,IA,depistemology
24,IA,CLMTDesMoines
25,IA,ToddPM
26,IA,IowaAFLCIO
27,IA,Eric7492
28,IA,jwehrheim
29,IA,globaldancer38
30,IA,heartlightsnj
31,IA,ThisTime_Place
32,IA,Israpalestine
33,IA,SigHawk04
34,IA,Directorwebber
35,IA,Nick_In_Yo_MOUF
36,IA,presscitizen
37,IA,MichaelLibbie
38,IA,LT_mentality
39,IA,saabdu2001
40,IA,JerryRipperger
41,IA,BanaChase
42,IA,meierhawkeye
43,IA,FrackingJobsUS
44,IA,DustyJuhl
45,IA,RealDarthanielR
46,IA,ktheintz
47,IA,thorstone137
48,IA,beardbrarian
49,IA,AichiLee
50,IA,glivings_2002
51,IA,dbfulton
52,IA,mangrastubbs
53,IA,Pambmichael
54,IA,benhigh
55,IA,POLSDesMoines
56,IA,wstaplin
57,IA,raehare1
58,IA,JMS155
59,IA,JessieW83535016
60,IA,dialga_493
61,IA,bizsavvy101
62,IA,jackiejoens
63,IA,HolleSharon
64,IA,wrunyan13
65,IA,GlambertStan
66,IA,Cabcup20161
67,IA,jcbarnes67
68,IA,MaryKeithBare1
69,IA,ploeg_
70,IA,GDanelz94
71,IA,WhoisSimon
72,IA,garonsen
73,IA,BeckySueToo
74,IA,ThisIsTheTim
75,IA,B345T1
76,IA,ThisDayInTrump
77,IA,GhetsisFan
78,IA,spcummings
79,IA,PeterASmall
80,IA,Razzpunk
81,IA,joeura
82,IA,mattthomas
83,IA,wednesdaygreen
84,IA,mgbales
85,IA,HawkeyeLaw
86,IA,MSBaker29
87,IA,UIowaCRs
88,IA,tombrazelton
89,IA,woolsoncroftdeb
90,IA,spikeh1464
91,IA,RafaelMorataya
92,IA,MtDewManiac
93,IA,rjfoley
94,IA,dumbily
95,IA,OccupyDemocrat1
96,IA,crDEFENDER
97,IA,willwilkinson
98,IA,JacquiM505
99,IA,tamara515
100,IA,RFLPolitics
101,IA,1007TheFox
102,IA,racheljoselson
103,IA,smc956
104,IA,ReadColleenK
105,IA,isgoodrum
106,IA,DarrenRaleigh
107,IA,LuckyCharlie36
108,IA,jaessary
109,IA,YibinGuo2016
110,IA,ChrisEpting1
111,IA,JoshWilsonIA
112,IA,UIowaAAUP
113,IA,thebluesnight
114,IA,bcrodriguez
115,IA,AmberLyn3
116,IA,RachelEpstein21
117,IA,RhondaBillsLTC
118,IA,gsorokin
119,IA,JiBurr
120,IA,KevinSimnacher
121,IA,LESWASHPUN
122,IA,EuphonicStudio
123,IA,tayloriaa
124,IA,IowaMsAnthrope
125,IA,BluRayKing1000
126,IA,LJYanney
127,IA,RlitchfRoger
128,IA,mychicas3
129,IA,mlantz4
130,IA,DaveTiffany
131,IA,V_V_G
132,IA,angie_schenkel
133,IA,EliHavlik33
134,IA,smcfetridge
135,IA,PhillipBurgart
136,IA,ndylan1
137,IA,meghanloisann
138,IA,CameronWCooper
139,IA,diamondmind50
140,IA,swolvers
141,IA,darrellharris41
142,IA,AbigailPelzer
143,IA,CordeliaSims47
144,IA,Duncans_Eggs
145,IA,ORBurnsie
146,IA,DavePitt
147,IA,jakesboxerdogs
148,IA,dsmlaw
149,IA,ljc6971
150,IA,TharpDiana
151,IA,HDtotheB
152,IA,DMRegister
153,IA,donneyjackson
154,IA,nwillems40
155,IA,bdburmeister
156,IA,BrianSteffen
157,IA,beth_wellington
158,IA,PeggyMountain
159,IA,Zmapper
160,IA,bhannon3
161,IA,sethreineke
162,IA,rbergus
163,IA,NelsonHorseNPs
164,IA,crossland68
165,IA,SimonRadio1776
166,IA,alrongstad
167,IA,Nevets73
168,IA,HeatherJErwin
169,IA,actuallyanansi
170,IA,CCCFORHILL2016
171,IA,burnidge
172,IA,BillNemacheck
173,IA,drunkon_koolaid
174,IA,TommeONeil
175,IA,iowist
176,IA,sfoens
177,IA,WeirMB
178,IA,sheldamar
179,IA,hoteltuesday
180,IA,GrantJensen27
181,IA,KristieW72
182,IA,amyleelillard
183,IA,CHNGDesMoines
184,IA,TinkeringHuman
185,IA,WHORadio
186,IA,HiMaui
187,IA,PeaceNoble
188,IA,PaulGowder
189,IA,Stop_the_Morons
190,IA,PeterMcGuire20
191,IA,kristin_hurd
192,IA,IowaHedge
193,IA,MelindaNear
0,FL,KJSimonCAP
1,FL,JoeHilgerman
2,FL,SoFlTrending
3,FL,ServissCaitlin
4,FL,RAH87052106
5,FL,AlexGuzman_9
6,FL,sbeverywear
7,FL,TommyCasella16
8,FL,TinaPuddin2Pie1
9,FL,DunkaDewball
10,FL,chuleta1976
11,FL,theunchainedgod
12,FL,agangofgirls
13,FL,RmoneyRafayell
14,FL,JillR0311
15,FL,PascoRevolution
16,FL,tropical_bo
17,FL,Regan_McNeal
18,FL,kepaa41
19,FL,yvonne_fazio
20,FL,orlandosentinel
21,FL,JayS2629
22,FL,enlighten_ing
23,FL,supernovame17
24,FL,TB_Times
25,FL,CristinaE23
26,FL,rontimes
27,FL,ViralNewsSite
28,FL,soholyhealth
29,FL,arthuromeo
30,FL,CLIFFMOSKOWITZ
31,FL,Noticias_41
32,FL,noticiasmiami
33,FL,DisneyTrump
34,FL,Dug_Bilfold
35,FL,Monica12650
36,FL,POLSTampa
37,FL,carole_schryver
38,FL,Angelmdunn1961
39,FL,PolyPatriot
40,FL,AcuMedGroup
41,FL,fl_tax_lady
42,FL,VISAAMERICAUS
43,FL,leilaibi
44,FL,psuflyers24
45,FL,iamjohnsmithfl
46,FL,brad_schutz
47,FL,Osolamalaika
48,FL,NavelgazeWriter
49,FL,julyrose299
50,FL,Cofaxs1
51,FL,alfolart
52,FL,MedioNoticias
53,FL,morgan410
54,FL,Trump4eeuu
55,FL,CySecNews
56,FL,vladimirmonter0
57,FL,SupermanHotMale
58,FL,weareteamtrump
59,FL,CharlotteIngr19
60,FL,orlandohomejobs
61,FL,itsryangorman
62,FL,dfowles
63,FL,ryanbealey
64,FL,theharleyhottie
65,FL,qb_ramirez
66,FL,papocongruo
67,FL,hopeimophelia
68,FL,Gators1st
69,FL,TehMomo
70,FL,RGVSR
71,FL,smojr
72,FL,TheAmpster
73,FL,GlennManeval
74,FL,budswdrbobbillw
75,FL,richdoh64
76,FL,121bombero
77,FL,YahoFl149fc
78,FL,ImNotYaType_
79,FL,ArmsRoomMike
80,FL,FactsVsOpinion
81,FL,SLadreda
82,FL,rmitch81
83,FL,Dianastarburst
84,FL,10NewsWTSP
85,FL,kenken92
86,FL,bobbiekingsbury
87,FL,JavierGaravito
88,FL,WildFlorida
89,FL,ddyDonaldTrump
90,FL,AriestinaKristi
91,FL,spectreagent
92,FL,miami_JR_47
93,FL,zumausa
94,FL,kaleyoftheroom7
95,FL,work_trump
96,FL,MaryLoveUS4
97,FL,prensafl
98,FL,angchir
99,FL,KathyA11
100,FL,HintzeMedia
101,FL,stratosync
102,FL,JHPless
103,FL,jackaberlin
104,FL,thebobbyb
105,FL,DariL0v3
106,FL,SigSuccessful
107,FL,wonderfullone
108,FL,TerriE1001
109,FL,D_K_Style
110,FL,tamalehotg
111,FL,Steveamy
112,FL,LatinosVsTrump1
113,FL,MOSTAtomic
114,FL,imBINGnotGOOGLE
115,FL,Women4MAGA
116,FL,kimmie0518
117,FL,trinidiana
118,FL,GeorgeJn1Gop
119,FL,Ihatethisugh1
120,FL,sfloridastorm
121,FL,LibertyKarakaat
122,FL,iu70us
123,FL,J_Linwood
124,FL,21untilidie
125,FL,AllanServiansky
126,FL,damoansalvatore
127,FL,DanNorris42
128,FL,elnuevoherald
129,FL,busyactorman
130,FL,oldmanliver
131,FL,BDSperos
132,FL,D_S_Dharma
133,FL,gavriea
134,FL,GStuedler
135,FL,ToriSass
136,FL,mgd4161
137,FL,tmj_mia_hrta
138,FL,lorrainekaack
139,FL,TheIkonoklast
140,FL,HOT944
141,FL,moonandpeach
142,FL,noreturnshow
143,FL,AlissaStockman_
144,FL,artshredder
145,FL,Miamiblues
146,FL,MariaRia4U2Me
147,FL,potatohead667
148,FL,kristilade
149,FL,WoodardHortense
150,FL,sherry4201
151,FL,JoanneDavis
152,FL,PoliticalHaze
153,FL,NewsForUSA
154,FL,juliaann1000
155,FL,urquiola
156,FL,HarvardBaldrige
157,FL,Deplorable_cars
158,FL,Maida56
159,FL,drrimaro
160,FL,CJMendes
161,FL,pbar41
162,FL,Vlemx2
163,FL,lithiaramirez2
164,FL,Vortex2010
165,FL,tmq01
166,FL,life_benefit
167,FL,bratz5321
168,FL,ChangeHealthy
169,FL,HostileParadox
170,FL,PanAmPost_es
171,FL,Angelus1701
172,FL,rc_kris
173,FL,NickMCarlson
174,FL,exkapie49
175,FL,orlandosgm
176,FL,lmlleaseEOAN
177,FL,OneMinPsychic
178,FL,graflexman
179,FL,vgliatti
180,FL,artsch01
181,FL,leloneUW_FL
182,FL,FFLG2
183,FL,drrohe
184,FL,LoveStephanysco
185,FL,Slowtoad
186,FL,QueenOfManatees
187,FL,mite72
188,FL,DeporableU
189,FL,hollyanimalover
190,FL,BlgaethGaeth
191,FL,MarkByers17
192,FL,tonyposnanski
193,FL,AriannaRosa111
194,FL,MarcACaputo
195,FL,jgreenhood
196,FL,NoParty2016
197,FL,RFexecsearch
198,FL,spiritlife61
199,FL,POLSMiami
200,FL,SednaScott
201,FL,zacharyDROZ
202,FL,porrello_dana
203,FL,vic26c
204,FL,jcvolt
205,FL,Happyvalsday
206,FL,eoanews
207,FL,WebReDesigner
208,FL,wsnall
209,FL,GeosNewsMiami
210,FL,ValkyrieHanna7
211,FL,PatinseflaPat
212,FL,mharris332
213,FL,VictorSuave
214,FL,f80929a4c5274d6
215,FL,RobMajor4
216,FL,peggysteele99
217,FL,JohnatOTB
218,FL,sweet_lou4
219,FL,azemarketing
220,FL,SeanFine27
221,FL,miaminews24
222,FL,TheDuncanDuo
223,FL,myTraderGang
224,FL,RobSmithJr
225,FL,jonathanpollard
226,FL,offgrid2010
0,NM,pattiagood_good
1,NM,davidgpa
2,NM,Zackeriess
3,NM,anekkidazn
4,NM,TrueBreath
5,NM,Gabe_NM
6,NM,JeffreyAmato
7,NM,NamelessCynic
8,NM,DLagarry
9,NM,colinb1123
10,NM,errant_traveler
11,NM,kurt_nimmo
12,NM,MikaylaNewsNow
13,NM,afeatheradrift
14,NM,MIKEWILMER505
15,NM,romc
16,NM,bernie_bsheram
17,NM,socmrktng
18,NM,ClearlyNM
19,NM,johnthebad
20,NM,krayziepat29
21,NM,CLMTABQ
22,NM,erinLOLiver
23,NM,DavidNelsonNM
24,NM,JennyBean1977
25,NM,1ZenWoman
26,NM,TLNAlbuquerque
27,NM,citrusinyaeye
28,NM,sklower
29,NM,birdiemom11
30,NM,pedropineda74
31,NM,bluhighlander
32,NM,ZanThid
33,NM,abejarano12
34,NM,RickMorrisonWri
35,NM,oldcrusty57
36,NM,shehuweaves
37,NM,billhnm
38,NM,abksouthwest
39,NM,Nasheayahu
40,NM,marvinwebb
41,NM,94rock
42,NM,marketingNPmuse
43,NM,NateDeplorable
44,NM,bradweikel
45,NM,MaeseSara24
46,NM,wcbolt
47,NM,HolidayRob
48,NM,joeadair
49,NM,NMLarry1
50,NM,Coffee_Black761
51,NM,2ndAmd_Glenn
52,NM,SaintStJames
53,NM,jeffray49
54,NM,goldendebbie
55,NM,Bethelbandit
56,NM,hypmined
57,NM,mamawolfen
58,NM,Bras_and_Boots
59,NM,POLSABQ
60,NM,TobyRueMS
61,NM,iveyjanette_207
62,NM,ndblackirish97
63,NM,KOATLiveUpdates
64,NM,krqe_headlines
65,NM,DrDavidLey
66,NM,krwg
67,NM,flyvie
68,NM,vitahoff75
69,NM,BigGameJerky
70,NM,StevenTradup
71,NM,NewMexicoTwit
72,NM,505_Never_Trump
73,NM,MDBlanchfield
74,NM,nicolasgiron
75,NM,CarmenWileman69
76,NM,OnederWomanNic
77,NM,JUDYP48
78,NM,gentryfunk
79,NM,marciasgreen
80,NM,Captain_Quiz
81,NM,abqnicole
82,NM,PeterVoris
83,NM,Nandimidwife
84,NM,painter87048
85,NM,Deplorable76
86,NM,flypatncat
87,NM,dadeleon
88,NM,mustangplease
89,NM,the666tails
90,NM,Aimee_Abq
91,NM,c2c1ebdf221f431
92,NM,ABQJournal
93,NM,TheAmReality
94,NM,SMIBarry
95,NM,NMICNewMexico
96,NM,annemck653
97,NM,AliciaDesperto
98,NM,DdVille
99,NM,lalitachiarra
100,NM,gregNMSU
101,NM,morgansher
102,NM,CLVoisine
103,NM,blckabq
104,NM,ColfersAngel
105,NM,Carlotta35
106,NM,floydvasquez
107,NM,torresricardovq
108,NM,vincejeffers1
109,NM,sun2alon
110,NM,LTCExpert
111,NM,WolfSamurai
112,NM,garyasanchez
113,NM,MichaelEllisArt
114,NM,billy_huntsman
115,NM,Abq_Julie
116,NM,PatrickMaher505
117,NM,mollyemolloy
118,NM,OfficialCritic
119,NM,NickLysander
120,NM,ABQBizChris
121,NM,pgouker
122,NM,bikescold
123,NM,RtwtownW
124,NM,ErinFussell
125,NM,c24hughes97
126,NM,FOSMadhatter
127,NM,homegypsy
128,NM,vgaubeca
129,NM,nmhulk
130,NM,thisisnotgeorge
131,NM,JaronDale
132,NM,ciminera0
133,NM,lindadoherty4
134,NM,krquinn1
135,NM,damienwillis
136,NM,CHNGABQ
137,NM,SuccessntheCity
138,NM,ACLU_NM_RCBR
139,NM,DrO_aorzoff
140,NM,gott_arun
141,NM,jollymaya1
142,NM,terrileedee
143,NM,harpersnotes
144,NM,anrubio
145,NM,RafaelMRubio1
146,NM,love_2dj
147,NM,NatalieB39
148,NM,1stInSEO
149,NM,DoktorAndy
150,NM,LiberallyJan
151,NM,dehunnicutt
152,NM,simonkubiak
153,NM,gilbertalmario
154,NM,j7uy5
155,NM,KarenSev
156,NM,ImperiouShadow
157,NM,sassyteapot63
158,NM,NMMoldRemoval
159,NM,NMPoliticsnet
160,NM,jettwalker
161,NM,madridfilms
162,NM,hdwrench51
163,NM,nmglider2008
164,NM,PEACELOBO
165,NM,AlgernonActor
166,NM,ISKesner
167,NM,CrucesSunNews
168,NM,Jgrose55M
169,NM,zmir2626
170,NM,marquezmatthew3
171,NM,JasonMcMuffin
172,NM,TruthSeekersmed
173,NM,UnivisionNM
174,NM,aliecatze
175,NM,TurntUpTshirts
176,NM,CherlSands
177,NM,rottw3ila
178,NM,maddiemill_
179,NM,joeymonzo
180,NM,jjcousins
0,VA,cynical_tutu
1,VA,morgansilk
2,VA,Liberalibrarian
3,VA,Ralphn8r
4,VA,LawlessPirate
5,VA,whity8683
6,VA,Ambnt1
7,VA,25hrmom
8,VA,Mike_avelli
9,VA,gradyaikens
10,VA,ErinFMcC
11,VA,MarkJHutchinson
12,VA,BluSthil
13,VA,Frank_J_Nolan
14,VA,waldojaquith
15,VA,PrinceOberyn1
16,VA,vpaige
17,VA,diannkirby
18,VA,hibrnda
19,VA,beautyful_doc
20,VA,Shadowplay68
21,VA,larryc2988
22,VA,FarmerGirl1967
23,VA,daisynorfolk
24,VA,sehamler
25,VA,RobMeyne
26,VA,IVMiles
27,VA,BrianBWagner
28,VA,walkerteks
29,VA,DeanHoffmeyer
30,VA,Warbard
31,VA,vabeachbuzz
32,VA,JMLuchun
33,VA,BlakeBaileyOn
34,VA,featuremom
35,VA,irise4u2c
36,VA,FredetteMm
37,VA,dgolumbia
38,VA,angeliqueinva
39,VA,MarilynCapps
40,VA,WTKR3
41,VA,MattMurph24
42,VA,Gitvnaamor
43,VA,HR_CapsFan
44,VA,Scott255713
45,VA,clamarival
46,VA,cbarr81
47,VA,lrmartinjr
48,VA,WileyReader
49,VA,Chharmander
50,VA,CharlesFStanton
51,VA,djhbernard
52,VA,hotwirehenry
53,VA,john_gibbs48
54,VA,IagoSoros
55,VA,wmariebritt
56,VA,FPWellman
57,VA,tmi_consulting
58,VA,BonnieBVallance
59,VA,LiberT4ever
60,VA,golfnut332
61,VA,drbob88
62,VA,Dangerbreed
63,VA,devo2savage
64,VA,NiceChess757
65,VA,SailFree
66,VA,Kimberlyjoneswa
67,VA,RuthStaleyJones
68,VA,cocosriracha
69,VA,silverwoj
70,VA,jdavidcox
71,VA,libearylady
72,VA,RigganRVA
73,VA,seikenkage
74,VA,Snitfit
75,VA,SocialInNorfolk
76,VA,Catlett_VA_GOP
77,VA,Jdogg2148
78,VA,newswise
79,VA,rmcgrain
80,VA,DRAAKARMAN
81,VA,patrickmwilson
82,VA,kc135tech
83,VA,wabroussard1
84,VA,Mysstyblue
85,VA,TylerBeckett4
86,VA,prbizdaily
87,VA,lovepeoplejo
88,VA,ScottPresler
89,VA,LionsBridgeFin
90,VA,csl4196
91,VA,rockynickydog
92,VA,Cigarvolante
93,VA,revmarks2
94,VA,dos_mimosas
95,VA,BobbieMD
96,VA,NBC12
97,VA,CVille_NOW
98,VA,NicholasEstep
99,VA,ericia24
100,VA,inclement8
101,VA,RonleeSummersJ2
102,VA,dannyubc
103,VA,inktomi544
104,VA,repeat3xs
105,VA,VanguardVivian
0,WA,caucapino4u
1,WA,StevenWayneOwen
2,WA,marginoferror
3,WA,ChrisFrielworld
4,WA,blb_wa
5,WA,AlinahGibbs
6,WA,stevejetcity
7,WA,lmr1085
8,WA,kyle_says_hello
9,WA,kathleea1
10,WA,moor_optimistic
11,WA,ksiadzwiesiu
12,WA,mysticsavage
13,WA,catcando19
14,WA,DjSavak
15,WA,DennisBounds87
16,WA,scruffyyank
17,WA,darockhudson
18,WA,jonopenn
19,WA,jimbasnight
20,WA,deplorablez
21,WA,TimExtonMedia
22,WA,georgehowland
23,WA,NO_NEVAH_TRUMP
24,WA,ryanschenk478
25,WA,TaePhoenix
26,WA,gmlamb
27,WA,ueowen
28,WA,healthpolicymav
29,WA,kelleyeskridge
30,WA,Endithinks
31,WA,Crosscut
32,WA,LastWordWMiller
33,WA,proudmom111
34,WA,bcrimmins
35,WA,trevortinker
36,WA,GjonPatroclus
37,WA,StephenHegg
38,WA,tomasczt
39,WA,brightwithstars
40,WA,kitty_zuniqua
41,WA,HHardy1943
42,WA,lunalindsey
43,WA,rugratfarm
44,WA,judeen
45,WA,Blindman_54
46,WA,doublejosh
47,WA,busdrivermike
48,WA,maaaaaadiison
49,WA,TheMindOfColi
50,WA,danhauge
51,WA,rfsinspokane
52,WA,painter_nancy
53,WA,Paul_Carleton
54,WA,tommybasspr
55,WA,lesmissy1
56,WA,AnthonyLDolman
57,WA,BrettOrlob
58,WA,heysyd
59,WA,Mechanismus
60,WA,tulaholmes
61,WA,akirahinorei
62,WA,rick_taylor
63,WA,CariONeil3
64,WA,danmonaghan
65,WA,1ThatsTrue
66,WA,Laskowska77
67,WA,Pinkomomma
68,WA,rrnunez
69,WA,taehyvii
70,WA,Texas0907
71,WA,AndrewRomaa
72,WA,SAFEinSeattle
73,WA,WheezingGeek
74,WA,ryancrawcour
75,WA,Argentus
76,WA,GlennF
77,WA,AislynnStudios
78,WA,kinolina
79,WA,KimLeekwan
80,WA,princessgl
81,WA,jl_brownauthor
82,WA,BazaarJassmine
83,WA,UrbanGoatherd
84,WA,MoodyFred
85,WA,ipscone
86,WA,jhludwig
87,WA,foxxes40
88,WA,CamerInFiction
89,WA,GPlutus
90,WA,Guiswa
91,WA,thiswolverine
92,WA,nwmapt
93,WA,Viral_Gossip_
94,WA,dunnclan
95,WA,double_whammied
0,WA,stinky_doufu
1,WA,richlifelawyer
2,WA,KIRO7Seattle
3,WA,RiannaRichards
4,WA,cre8tivOne
5,WA,shasharala
6,WA,moor_optimistic
7,WA,krushcuts
8,WA,Kamani1147
9,WA,mysticsavage
10,WA,justinmhanlon11
11,WA,Loki_Wa
12,WA,WillSeattle
13,WA,LKDucolon1984
14,WA,Matt60606
15,WA,jimbasnight
16,WA,LindaSue68
17,WA,lizargall
18,WA,ddr_seattle
19,WA,reddougsea
20,WA,MarkChurch4real
21,WA,georgehowland
22,WA,m_m_myers
23,WA,NO_NEVAH_TRUMP
24,WA,luciagirly
25,WA,aaronwshanks
26,WA,neighborlee
27,WA,An_Oracle
28,WA,CaptainTabouli
29,WA,johnsweaver47
30,WA,TaePhoenix
31,WA,RealPLUTim
32,WA,TheStranger
33,WA,mwiegand
34,WA,stefohnee
35,WA,Crosscut
36,WA,flinnlora
37,WA,LynnwoodBill
38,WA,LastWordWMiller
39,WA,shanb63
40,WA,bcrimmins
41,WA,CountrySkills
42,WA,trevortinker
43,WA,GjonPatroclus
44,WA,sheilasimm
45,WA,HHardy1943
46,WA,madeline_elster
47,WA,lunalindsey
48,WA,judeen
49,WA,meeker253
50,WA,rdickhoff
51,WA,beccainpuyallup
52,WA,alexespind
53,WA,nothings
54,WA,aSEATaxiCab
55,WA,busdrivermike
56,WA,HilmanNugrah
57,WA,maaaaaadiison
58,WA,TheMindOfColi
59,WA,ZenShadow
60,WA,HBronze
61,WA,JasonGanwich
62,WA,beatleggs
63,WA,lesmissy1
64,WA,JeremyB2323
65,WA,cydneyj7
66,WA,heysyd
67,WA,humpbrother1
68,WA,papijongsuk
69,WA,kitty_zuniqua
70,WA,seattlekevin
71,WA,tedstrykr
72,WA,LiliannyLeebou
73,WA,1ThatsTrue
74,WA,Laskowska77
75,WA,LillyRobinsons
76,WA,jovel
77,WA,gertshair
78,WA,DanSHammer
79,WA,TimExtonMedia
80,WA,VileStyle
81,WA,AndrewRomaa
82,WA,BonnieEle2
83,WA,JOHN22PERRY
84,WA,Sonicchi
85,WA,KathleenMelin
86,WA,TheRealTTownTim
87,WA,JeanJAuthor
88,WA,AislynnStudios
89,WA,EricOsnes
90,WA,kinolina
91,WA,jameswyldersr
92,WA,Fails_us
93,WA,AbleDanger12
94,WA,dunnclan
95,WA,drewyukikostave
96,WA,MrWesthoff
97,WA,SeanPBurns1
98,WA,ipscone
99,WA,edooGtreboR
100,WA,ksiadzwiesiu
101,WA,kcfennessy
102,WA,CamerInFiction
103,WA,princessgl
104,WA,Ednever
105,WA,akirahinorei
106,WA,MordantFV
107,WA,JoshuaBariova
108,WA,RyanRosendal
109,WA,SaraAvvy
110,WA,DaveJDickinson
0,OR,acjaggard
1,OR,mjarts_com
2,OR,bmark5472
3,OR,davidminpdx
4,OR,johnglenpdx
5,OR,NotThisTimeMFer
6,OR,jandroid
7,OR,LampOlive
8,OR,fstopmm
9,OR,BobEisenhauer
10,OR,iDurias
11,OR,joshbelville
12,OR,royzol
13,OR,GregorMacdonald
14,OR,chuerta1
15,OR,The_CityOfRoses
16,OR,oldionus
17,OR,VictoriaforUSA
18,OR,ashspeakstweet
19,OR,Skillet503
20,OR,SinacoLad
21,OR,Kahjahkins
22,OR,JanieceStaton
23,OR,GOODinPDX
24,OR,digitalsavvyite
25,OR,SingMeToReason
26,OR,Varidienne
27,OR,HuisceBeatha
28,OR,TimDudleysEgo
29,OR,MariOlsdatter
30,OR,StarvingHartist
31,OR,KathrynKWaters
32,OR,Liberal_Rags
33,OR,AaronNotAwesome
34,OR,Krystal_Reynold
35,OR,ARTinNW
36,OR,Adampdx
37,OR,isaac32767
38,OR,Smudgeon
39,OR,sorah
40,OR,professor1029
41,OR,chad_danielg
42,OR,FilsdeMartin
43,OR,slyphon
44,OR,stele_3
45,OR,thedagit
46,OR,Chris_Coffel
47,OR,dlvr_sports
48,OR,KatCapps
49,OR,meganireneb
50,OR,blondefrog123
51,OR,mccogan
52,OR,NateSwanner
53,OR,marneduke
54,OR,shoshido
55,OR,wycats
56,OR,gallerychapel
57,OR,VinayPrasad82
58,OR,karyne_luscomb
59,OR,fretfree
60,OR,mokiethecat
61,OR,qigonggal
62,OR,BJDorr
63,OR,btn_pshr
64,OR,pmaddogs
65,OR,bluestatetweets
66,OR,wh4tdafuq
67,OR,apokerplayer
68,OR,DonaldJans
69,OR,mcemc3
70,OR,johnrplatt
71,OR,AlizaEarnshaw
72,OR,daddyhyde
73,OR,joozgrdn
74,OR,aportlandcareer
75,OR,DoctoroftheDead
76,OR,NATUREinPDX
77,OR,ARTISTstacy
78,OR,GroovyTimes777
79,OR,Samae2425
80,OR,penultimatepen
81,OR,DuckieDolly
82,OR,craigmdyer
83,OR,am_wex
84,OR,LidiaYuknavitch
85,OR,jmountpdx
86,OR,ConnectCannabis
87,OR,fareldalrymple
88,OR,Ckimbrechin
89,OR,lookcassia
90,OR,friendjudy
91,OR,KathieEngland
92,OR,fjbagel48
93,OR,aleta
94,OR,tpacific
95,OR,kristinelevine
96,OR,brendanbarnhart
97,OR,kiplet
98,OR,MusicNorthwest
99,OR,StarTrekWreck
100,OR,paulrjanssen
101,OR,EarthSayer
102,OR,kberg66
103,OR,FOODinPDX
104,OR,BeirutWedding
105,OR,Naomi5032
106,OR,brianmwilcox
107,OR,JamieMorris27
108,OR,SanhoTree
109,OR,SandraLeek1962
110,OR,YoungBitcoin
111,OR,Meow1113
112,OR,71_Charger
113,OR,HeidiEsbensen
114,OR,al3x
115,OR,downey
116,OR,suzyz40
117,OR,Melly152260
118,OR,BenBrownJunior
119,OR,real_x_medium
120,OR,Anni_McCarthy
121,OR,venommiss17
122,OR,vaibhavsingh544
123,OR,portlandmercury
124,OR,annaporterart
125,OR,Dunja_Kay
126,OR,marlene116
127,OR,cherrivarisco
128,OR,k8mentesana
129,OR,Jaconian
130,OR,headachefilms
131,OR,andiemain
132,OR,debbiegreene63
133,OR,ladyoftheleft
134,OR,DrinkPDX
135,OR,Michael9_5N
136,OR,mpdx04
137,OR,sawoodard
138,OR,kittttypryde
139,OR,funnymonkey
140,OR,techscribbler
141,OR,CMHollowell
142,OR,Abigail_in_1692
143,OR,eating2heaven
144,OR,mshort66
145,OR,keithwadeallen
146,OR,mpbreen67
147,OR,the_boris
148,OR,PaulWedin
149,OR,refugeingrief
150,OR,mikemccaffrey
151,OR,TheChristianLft
152,OR,PamelaBwell
153,OR,EYERA3
154,OR,becsline
155,OR,mattglidden
156,OR,AliveAndReal
157,OR,RussHansen6870
158,OR,SirFancyWolf
159,OR,legitstache
160,OR,Go2Heck
161,OR,stephaniesidley
162,OR,prinzmetal
163,OR,C_R_RUSS
164,OR,spblat
165,OR,FatGoku64
166,OR,summitpainting
0,MN,patentbuddy
1,MN,iheartfonesy
2,MN,mnlakegal
3,MN,newtbuster
4,MN,directorblue
5,MN,rickdog
6,MN,surj_mn
7,MN,KlawiterJ
8,MN,ProfOuellette
9,MN,brentlecompte
10,MN,davidgaw
11,MN,M3DAZE
12,MN,mplschronicle
13,MN,cdukesmom
14,MN,SocialistBooks
15,MN,AndrewManagh
16,MN,jcspectrum99
17,MN,Sharon59
18,MN,SolUru
19,MN,carded426
20,MN,danisrils39
21,MN,davidzinn
22,MN,lousycanuck
23,MN,gusnorton
24,MN,Hendrew
25,MN,Winning_Deer
26,MN,SharonHendrix1
27,MN,GayPatriot
28,MN,ClaritySol
29,MN,Shabbosgoy
30,MN,ACH09917332
31,MN,alex_cono
32,MN,jswainhart
33,MN,rigidspleen
34,MN,Go_GoSox
35,MN,nodie1960
36,MN,lorenterveen
37,MN,SpartanBusiBee
38,MN,WilliamLewisCo2
39,MN,DjCowboy64
40,MN,Carlos_Abler
41,MN,Joshua_Roberts_
42,MN,adam_svec
43,MN,k1Lg0reTr0ut
44,MN,ToriRob11
45,MN,IFallsJohnson
46,MN,americankeith
47,MN,mmeyer115comcas
48,MN,StarTribune
49,MN,mcw719
50,MN,Singharun
51,MN,Brm5348Bruce
52,MN,Pink22Karen
53,MN,janet_yackle
54,MN,ahardenburgh3
55,MN,carolmoson
56,MN,mfredell88
57,MN,ymlehnen
58,MN,jmunne
59,MN,smatterings3
60,MN,DrewChial
61,MN,KeriMangis
62,MN,kare11
63,MN,HenryCorp
64,MN,dcpetterson
65,MN,LionessElise
66,MN,me_mccarron
67,MN,mplspitbull
68,MN,STPCityGOP
69,MN,2fast2tyler
70,MN,BobbayMack
71,MN,JoeDangor
72,MN,LadyBleach
73,MN,SherylSanders3
74,MN,Chrismf6
75,MN,mufc20_
76,MN,FieldRoamer
77,MN,caseyshayden
78,MN,Amy11712002My
79,MN,Jimmy_Woods_
80,MN,thedailyfishfry
81,MN,jdove2223
82,MN,WhatWouldBaleDo
83,MN,marinapmedina
84,MN,stillck11
85,MN,LeeMLauer
86,MN,7brown30_06
87,MN,TheZecromancer
88,MN,GaSandersa
89,MN,LizSox5
90,MN,kelisabeth38
91,MN,gmoneygross
92,MN,No_Ca_Mo
93,MN,datrumpnation1
94,MN,heyigotanidea
95,MN,Titan206
96,MN,EdMorrissey
97,MN,JJManring
98,MN,CharlesSimmins
99,MN,Travis_Burton
100,MN,a__pet
101,MN,fmontez2
102,MN,huzzahmpls
103,MN,nick_thielen
104,MN,TheMantalope
0,MN,tomtully1954
1,MN,CBS3Duluth
2,MN,bestgma12
3,MN,fdlgoon
4,MN,NateStGermain
5,MN,Bokaj23
6,MN,DanJacobsen
7,MN,KQDS_FOX21
8,MN,cpmondello
9,MN,duluthkate
10,MN,sarathomsen
11,MN,Darth_Schroeder
12,MN,kathymctavish
13,MN,WZWConsulting
14,MN,1029tak
15,MN,sobisahn
16,MN,wdiowirt
17,MN,mollylyons
18,MN,dukeduluth
19,MN,jll229jll
20,MN,sseyala
21,MN,GreggGrose
22,MN,KDAL610
23,MN,LumberJackin10
24,MN,LarsonForDuluth
25,MN,Hai13ySmith
26,MN,erinkelbell
27,MN,scotjenkins
28,MN,runningupnorth
29,MN,Lakeypie14
30,MN,kylestyle29
31,MN,MWTravesty
32,MN,PeterBreitholtz
33,MN,ShakeshaftHugh
34,MN,cr8f
35,MN,BHanson83
36,MN,O_Doyle15
37,MN,Kelly_J_Ford
38,MN,Tippytoetunes
39,MN,MoffittJill
40,MN,Den_Herder
41,MN,moozgurl
42,MN,CGramstrup
43,MN,ZoieFanAnna2
44,MN,EdwardMoodyIII
45,MN,Ngeekify
46,MN,puunoop
47,MN,lisajanicecohen
48,MN,kostopoulos_d
49,MN,BaihlyWDIO
50,MN,LeePagenkopf
51,MN,JonJosephA
52,MN,BonnevilleCJ
53,MN,WDSM710
54,MN,crugeley
55,MN,notracist420
56,MN,Grizzlysgrowls
0,IL,playdoh52
1,IL,Z_Lazzeri
2,IL,ILPollster
3,IL,TheThespar
4,IL,Kaitlyn4Lee
5,IL,bakerlynn441
6,IL,plettkeman
7,IL,Seanmeismer
8,IL,thecinemasnob
9,IL,SexyRexy8Lover
10,IL,seeebee
11,IL,spfldnet
12,IL,KrisArmstrong1
13,IL,ChapinJames2
14,IL,ToddErnstCPA
15,IL,Iggy
16,IL,mariecarnes
17,IL,CharlieMcBarron
18,IL,NathanARobinson
19,IL,cabeza50
20,IL,GrosswilerDann
21,IL,ProFromWithin
22,IL,dogmama217
23,IL,Manicgg
24,IL,C4D4M5
25,IL,IARF
26,IL,ThePeoriaKid
27,IL,GrahamKracka69
28,IL,weedouthate
29,IL,DrSabha
30,IL,stefiamico
31,IL,illnewsnetwork
32,IL,atheinsurgency
33,IL,MagnaCarta1980
34,IL,FredSlocombe
35,IL,MrCharlesMBurns
36,IL,thomasjwhitt
37,IL,Pentec1Danielle
38,IL,rwpowers216
39,IL,BLSpringfield
40,IL,BRodawald
41,IL,JMorris22099
42,IL,WilliamZierath
43,IL,JohnWinterbauer
44,IL,ingramlaw
45,IL,lindaKayLuckie1
46,IL,mrejr8234
47,IL,SpringfieldChro
48,IL,CarlsonIdrum
49,IL,Jeff1S1
50,IL,nave_travis
51,IL,StacyInMalibu
52,IL,ColeGary1
53,IL,GaryGrieve2
54,IL,Kalnory
55,IL,CoffeeCoup
56,IL,kimalextech13
57,IL,mwalker376
58,IL,rayann2320
59,IL,ladywirth
60,IL,JasonGerwig
61,IL,caraecal
62,IL,solleytolley
63,IL,nealbrockett
64,IL,bootyshield
65,IL,TheCornerstone0
66,IL,POLSSpringfield
67,IL,safreethinkers
68,IL,wics_abc20
69,IL,wildatfart
70,IL,APPROVEMAN
71,IL,aliosha_sanchez
72,IL,DeanOlsenSJR
73,IL,skm1955
74,IL,SPatkunan
75,IL,PoliTeach
76,IL,DoRtChristians
0,IL,INTJutsu
1,IL,gerfingerpoken2
2,IL,MsKellyMHayes
3,IL,Chillgregc
4,IL,andrearickert
5,IL,sexrex10
6,IL,jim_nel123
7,IL,lmcall102
8,IL,LaGrangeBraLady
9,IL,aehemeter
10,IL,CookRecord
11,IL,solidaritydisr1
12,IL,ZoeVulgs
13,IL,Mr_Innovation
14,IL,leemahersalzman
15,IL,SusanDanzig219
16,IL,DeanRichards
17,IL,MickMcNicholas
18,IL,iosbakerjoe
19,IL,CeSpeaks
20,IL,gerfingerpoken
21,IL,snow_melty2
22,IL,Heffomite
23,IL,ltchoate
24,IL,DaveThomas5150
25,IL,Whitesoxblog123
26,IL,johnwasik
27,IL,e_Begrimed
28,IL,ParkerMolloy
29,IL,OctavianTh
30,IL,HSMChicago
31,IL,ScoopRocket
32,IL,TONYBITOY
33,IL,EthicsSteve
34,IL,kp_bulls
35,IL,kgmowla
36,IL,hockeenight
37,IL,Esadj167
38,IL,jasonpage
39,IL,zoeduu
40,IL,HeartlandInst
41,IL,shivie
42,IL,VichyRepublican
43,IL,ChrisCorian
44,IL,WeWalkOnStilts
45,IL,DonLinn
46,IL,HoodSavior
47,IL,PaBast
48,IL,POLSChicago
49,IL,marcbruenjes
50,IL,Tschwider
51,IL,ByronLeonard
52,IL,ChiTribCloutSt
53,IL,Grumpa
54,IL,DropForgeBishop
55,IL,dopehorse
56,IL,hlftrh2
57,IL,ShirleyHoman481
58,IL,Sakefish
59,IL,PunkKitty312
60,IL,MarkDParris1
61,IL,mingh76
62,IL,toreilly
63,IL,jokelley
64,IL,NotLesterCubs
65,IL,Powerequalsgod
66,IL,sahloul
67,IL,luke_dot_js
68,IL,TalesOfAMusicMa
69,IL,antipinko
70,IL,johngunn2011
71,IL,and_hertz
72,IL,markreviews
73,IL,BaitClicker
74,IL,sugaree71
75,IL,Ranger5Publish
76,IL,jonpernisek
77,IL,USANews10
78,IL,cowards_are_us
79,IL,steedmrspeel
80,IL,bestgiftpurpose
81,IL,PatiJ
82,IL,AhmadAlmaa
83,IL,ebscbwi
0,WI,pamelakae
1,WI,neovocis
2,WI,Michael_Hanke
3,WI,LittleItaly2008
4,WI,RichardWRamsey
5,WI,RachelFulkerson
6,WI,kevin_spaeth
7,WI,batterton_troy
8,WI,eauclairecomedy
9,WI,couturerene
10,WI,maletto2
11,WI,LeaderTelegram
12,WI,AndreaNews18
13,WI,MrBrandonCraker
14,WI,lesterlog
15,WI,DeborahKnowle20
16,WI,MaddeLetizia
17,WI,schroetj
18,WI,CVollendorf
19,WI,ceZwiefelhofer
20,WI,GreenBaron80J11
21,WI,SUPERMANLOWY
22,WI,KessaAlbright
23,WI,rainthelame
24,WI,TmzEauclaire
25,WI,SportsTalk1051
26,WI,WQOW
27,WI,IanKenyonNFL
28,WI,Z100Radio
29,WI,AKaryeMusic
30,WI,FYE_Bluprint
31,WI,Jomon_Prime
32,WI,Teresadberg
33,WI,slinderman1972
34,WI,KildayMorgan
35,WI,MeanLaQueefa
36,WI,FoDizzleYo
37,WI,revdavidhuber
38,WI,IHateJakeSmith
39,WI,RepWarnRepMgmt
40,WI,professorshih
41,WI,jabandsam
42,WI,iMatthewCM
43,WI,RandallBrunette
44,WI,WEAU13News
45,WI,dirtydeeds32
46,WI,goldiloxa
47,WI,iAmJake648
48,WI,AngerySteer
49,WI,RoxasElite
50,WI,AnnaInez_
51,WI,whiteagle10
52,WI,dmuc93
53,WI,storyt95
54,WI,farsighted99
55,WI,youngniggaJB69
56,WI,sylviaweise
57,WI,Cwhite9797
58,WI,WEAUFefer
59,WI,wlfleisch
60,WI,stephen_wqow
61,WI,jakesabaska
62,WI,KimAcheson
63,WI,hollowlaughter
64,WI,aaronsalmon
65,WI,BuddBuddcorey
66,WI,mahliinc
0,WI,Trixerella
1,WI,36faces
2,WI,steven_huyck
3,WI,terriellzey
4,WI,hellarap123
5,WI,milwaukeetj
6,WI,superbranch
7,WI,TraciGrrl
8,WI,CanarisWilhem
9,WI,charlie_white
10,WI,realSusanRiegg
11,WI,treevrrr
12,WI,Maxamegalon2000
13,WI,hearted_red
14,WI,FatManPodcast
15,WI,KalliKalliKalli
16,WI,Sugardrive
17,WI,mpbMKE
18,WI,StreeterTeeter
19,WI,tedkieper
20,WI,Suzanne1869
21,WI,jsorgi
22,WI,BtotheD
23,WI,WISN12News
24,WI,WISCONSIN_tech
25,WI,BenReed71
26,WI,tolfoster
27,WI,davidbeyerjr
28,WI,ColSaunders1855
29,WI,deaninwaukesha
30,WI,MilwaukeeCP
31,WI,michaelzimmer
32,WI,shigekio
33,WI,WelderMike2016
34,WI,fernthegoat
35,WI,ejack162
36,WI,NatashaDargan
37,WI,KaylaNMcNeil
38,WI,wigazette
39,WI,michaelbrollo
40,WI,JoshuaSzuslik
41,WI,262MEBrown
42,WI,suzukinahw
43,WI,cycoq
44,WI,HashimII
45,WI,shawnadryen01
46,WI,SandyHatesTrump
47,WI,ZacLeBurn
48,WI,JakeBauer82
49,WI,donmoyn
50,WI,fox6now
51,WI,missklamert
52,WI,rexsatr
53,WI,BarbWewers62
54,WI,Mr_TylerBanh
0,WI,freakshowradio
1,WI,rickcoelho_irl
2,WI,JohnRoss53711
3,WI,WISuperstar
4,WI,BadgerStew
5,WI,greenladiesc
6,WI,annvosspeterson
7,WI,emilymcf
8,WI,pauljgibler
9,WI,Leftup2us
10,WI,kanepam
11,WI,TheRealChadKemp
12,WI,geosooner
13,WI,FlakPhoto
14,WI,ajknick
15,WI,mahillst
16,WI,adamblust
17,WI,myfeldman
18,WI,MadPolitics
19,WI,Chris_line
20,WI,ThomasWincek
21,WI,jovenitti
22,WI,sirmarshy
23,WI,wi_defender
24,WI,renazantz
25,WI,UnderDaHat
26,WI,deniwilson
27,WI,angelstout77
28,WI,nangat1
29,WI,CapTimes
30,WI,cindyrelish
31,WI,laborradio
32,WI,POLSMadison
33,WI,SmallSandi
34,WI,Zathras3
35,WI,TheBillSkrundz
36,WI,JaxonBrow
37,WI,jlemonsk
38,WI,RightAsRainsME
39,WI,BellaSwannBooks
40,WI,RobinMarohn
41,WI,Bill_Scanlon
42,WI,trannyfits
43,WI,MadVickie
44,WI,madisondotcom
45,WI,donmoyn
46,WI,SpudLovr
47,WI,MayorInnovation
48,WI,LemeryVincent
49,WI,WiStateJournal
50,WI,ckmcdonough
51,WI,Nuts4Squirrelio
52,WI,wbyeets
53,WI,democurmudgeon
54,WI,tcapp2015
55,WI,keithhayward
56,WI,peri_gisele
57,WI,msamethyst1
58,WI,JDougAnderson86
59,WI,Jay5w
60,WI,WSUMMorningShow
61,WI,ms_smitty
62,WI,DowmanLisa
63,WI,JudLounsbury
64,WI,LGraps
65,WI,MSXNews
66,WI,LakeCityAgent
67,WI,john_yazek
68,WI,TheBurkeFlash
69,WI,SusanMacDonal15
70,WI,laskopff
71,WI,MGhydro
72,WI,Lindygeek
73,WI,jimwitkins
74,WI,jimslater10
75,WI,k_hedgren
76,WI,charlenefmadwis
77,WI,anjelaj
78,WI,eltim164
79,WI,LyndaEvans5
80,WI,daveschroeder
81,WI,Hamilcar_WI
82,WI,wes_ben
83,WI,iowemysoul
84,WI,scottwalkerwtch
85,WI,JSEllenberg
86,WI,JakeMadtown
87,WI,ElectriKolor
88,WI,Paulsoglin
89,WI,Tortured_Verse
90,WI,slmom
91,WI,1310WIBA
92,WI,JeffSimpson7
93,WI,AndersonLimey
94,WI,bcdunkel
95,WI,citaconinc
96,WI,NicasioSilang
0,NY,jpisham
1,NY,bmadigan2000
2,NY,drboycewatkins1
3,NY,The_Gnu_JGH
4,NY,BaeRodriguez
5,NY,YourBlackWorld
6,NY,GoodBoyGreg
7,NY,UncleDuke
8,NY,gmorten1
9,NY,SyrDiocese
10,NY,Rye1040
11,NY,Zekesgirl1959
12,NY,DMor315
13,NY,WSYRNews
14,NY,PyramidBrkg
15,NY,AdamNightmare
16,NY,socialnews_xyz
17,NY,jjhoster
18,NY,KateKuryla
19,NY,DO_Visuals
20,NY,KellyLux
21,NY,ErikSamhammer
22,NY,HoodsHero
23,NY,tmksyracuse
24,NY,maggieLsimone
25,NY,maryogurtsova
26,NY,nltaddeo
27,NY,RealBobManning
28,NY,MelismaDiddle
29,NY,dailyorange
30,NY,TJWest3
31,NY,Hewitt_Films
32,NY,sonofjackt
33,NY,FranziiBoehme
34,NY,PRjohnson
35,NY,dtayloresq
36,NY,JordanWood
37,NY,ellenkmeyers
38,NY,CarolynMurphy6
39,NY,wmpreston
40,NY,HundedesKrieges
41,NY,johndoesntsleep
42,NY,INSCT
43,NY,smc347
44,NY,ReneeKGadoua
45,NY,saramswann
46,NY,DustinCzarny
47,NY,COMWAC50
48,NY,NewsChannel9
49,NY,SyrWriter
50,NY,arealpastiche
51,NY,sandine
52,NY,belong2this
53,NY,mariabgood
0,NY,brett8055
1,NY,kevinkresse
2,NY,TTR28T
3,NY,aletaann10
4,NY,JimHeaney
5,NY,hiphughes
6,NY,twiterlessabe
7,NY,FeelsWrite
8,NY,MSajecki
9,NY,PoorQuentyn
10,NY,TheObamanista
11,NY,NewsRadio930
12,NY,nickc66
13,NY,YoursTrulyMiyah
14,NY,WGRZ
15,NY,ipostnews
16,NY,nppalawyer
17,NY,CLMTBuffalo
18,NY,LargeTimHortons
19,NY,autumnfading
20,NY,MaxY2G
21,NY,POLSBuffalo
22,NY,emdon0
23,NY,10CanBananaMilk
24,NY,ZachGalovich
25,NY,johntmarohn
26,NY,jKonwicki
27,NY,Charles14965472
28,NY,HokanCromwell
29,NY,ShannonPub
30,NY,gjs
31,NY,tay_fult
32,NY,poliscistacey
33,NY,LDiamond39
34,NY,foleyloaded93
35,NY,caddylac585
36,NY,rjandolina
37,NY,brentpatterson
38,NY,BuffaloMoonbeam
39,NY,TheBuffaloNews
40,NY,carrotbazooka
41,NY,WKBW
42,NY,pjscaggs
43,NY,Rock4Trump
44,NY,thomalab
0,NY,News_8
1,NY,misscrf
2,NY,JohnMcDairmant
3,NY,Ellimem
4,NY,sharondigi
5,NY,famousbreathers
6,NY,TaxSnafu
7,NY,alecrider
8,NY,MarquisSapp
9,NY,DrKwasi
10,NY,marthabush
11,NY,BMatthewsSports
12,NY,malcscot
13,NY,VeronicaWXXI
14,NY,marymcclelland_
15,NY,Econopete
16,NY,mks8864
17,NY,ryanevans0786
18,NY,sandysellshfl
19,NY,Mking571
20,NY,MarilynTraver
21,NY,KathleenIannone
22,NY,Westmconsulting
23,NY,86Mookie
24,NY,JoshPheterson
25,NY,FuckCons
26,NY,MarkMaira
27,NY,tommasz
28,NY,TWCNewsROC
29,NY,DopeyRunr
30,NY,gerglion
31,NY,13WHAM
32,NY,SchwinningSpeak
33,NY,cat7912
34,NY,aer974
35,NY,TwerkingTiger
36,NY,Downeygirl2
37,NY,gtombline
38,NY,ChrisSchiffner
39,NY,SeanSomeNumbers
40,NY,marylupien
41,NY,POLSRochester
42,NY,JetsGirl3
43,NY,CHNGRochester
44,NY,perumanteiga
45,NY,RBJdaily
46,NY,HappyEarmuffs
47,NY,joevtcb
48,NY,AndrewHStewart
49,NY,joemac1114
50,NY,SabrinaFranek
51,NY,andrethesmith
52,NY,roccity_news
53,NY,HCandENVMT
54,NY,notmyname02
55,NY,ChuckMcCoy
56,NY,EmptyClosetNews
57,NY,rgeckert
58,NY,marc_cirig
59,NY,nynancyo
60,NY,JillKnittel
61,NY,swershing
62,NY,GandhiEarthKeep
63,NY,ItsMattEhlers
64,NY,Lisamuse
65,NY,VijiDiane
66,NY,RichardColon_
67,NY,jimmylreader
68,NY,KStackWhitney
69,NY,TFZamiara
70,NY,RealityOfItAll7
71,NY,camannwordsmith
72,NY,RichChappo
73,NY,HandsomeRandall
74,NY,JohnnyMuchard7
0,NJ,healthprodguru
1,NJ,bobjordanAPP
2,NJ,Kat_2165
3,NJ,greenpartyguynj
4,NJ,WomensMarchonNJ
5,NJ,PublicDiscourse
6,NJ,binugeorgej
7,NJ,Ida8teco
8,NJ,RichardFoxYoung
9,NJ,PrincetonUPress
10,NJ,TealArcadi
11,NJ,POLSTrenton
12,NJ,klp179
13,NJ,NJ_Politics
14,NJ,JonBartels
15,NJ,cwcarpenter2001
16,NJ,taintedbill
17,NJ,DicconHyatt
18,NJ,TheBoydCompany
19,NJ,sloanecolby
20,NJ,abbeydufoe
21,NJ,SM_Tech007
22,NJ,1776gadsden3
23,NJ,gaylife_kevin
24,NJ,SandraC_FCB
25,NJ,sharmeenTweet
26,NJ,CarolynBarrett4
27,NJ,searchgirl40
28,NJ,DavidKuntschik
29,NJ,rjblaskiewicz
30,NJ,DiversityInc
31,NJ,PTBwrites
32,NJ,ChipStokes
33,NJ,NJSpice
34,NJ,ClimateCentral
35,NJ,jpfoster65
36,NJ,allenpeacock
37,NJ,AJMC_Journal
38,NJ,davidccolby
39,NJ,AlbertoAcereda
40,NJ,mirandacspencer
41,NJ,KimSeidl
42,NJ,zackwack123
43,NJ,NomDeVoyage1
44,NJ,tdopp
45,NJ,lenochs66
46,NJ,owasow
47,NJ,NJafterbern
48,NJ,jlg3lawoffice
49,NJ,realhigheredcom
50,NJ,trentblanton
51,NJ,lisafirke
0,NJ,reoharrison
1,NJ,papo2oo4
2,NJ,hillary66049442
3,NJ,RK7168
4,NJ,gaylife_kevin
5,NJ,ShehabKamal73
6,NJ,mburleson86
7,NJ,realhigheredcom
8,NJ,cesarmartinesq
9,NJ,mickydel
10,NJ,Ida8teco
11,NJ,Stregabella9
12,NJ,MBT_2014
13,NJ,dieseldan274
14,NJ,Marium_Soomro
15,NJ,GaryGrumbach
16,NJ,JJ313
17,NJ,sami_cazimoski
18,NJ,je_mclaughlin
19,NJ,TealArcadi
20,NJ,wilytone
21,NJ,Fiery_Amethyst
22,NJ,FrankStain2
23,NJ,JoshRosenbaum12
24,NJ,samadacus
25,NJ,rebeccamhersh
26,NJ,ZielaznickiNFL
27,NJ,amy_armstrong
28,NJ,fastndelicious
29,NJ,AJMC_Journal
30,NJ,jvdaniello2
31,NJ,AlbertoAcereda
32,NJ,ProgressiveToo
33,NJ,gflowersss
34,NJ,JMOlitzky
35,NJ,grand_kaila
36,NJ,AlexanderHeil2
37,NJ,sharmeenTweet
38,NJ,MHLegalLibrary
39,NJ,searchgirl40
40,NJ,AOTPRadio
41,NJ,helenwan1
42,NJ,CougThoughts
43,NJ,NYCKNP
44,NJ,POLSNewark
45,NJ,DiversityInc
46,NJ,Roadqween
47,NJ,BhNpRE
48,NJ,PTBwrites
49,NJ,Jacob_Turchi
50,NJ,ramelos
51,NJ,sjung66510
52,NJ,NewarkMFA
53,NJ,AlBaronRealtor
54,NJ,joeynovick
55,NJ,bgiarc
56,NJ,victoria5s
57,NJ,thatdonwood
58,NJ,mwphnh
59,NJ,ANJECtweets
60,NJ,escatei
61,NJ,KPMfineart
62,NJ,mirandacspencer
63,NJ,EmannJoasil
64,NJ,tekysam
65,NJ,John_M15
66,NJ,PoliticalXDMan
67,NJ,Chris_Wang888
68,NJ,usvetram
69,NJ,jssphoto
70,NJ,zippy1981
71,NJ,lenochs66
72,NJ,owasow
73,NJ,CardilloJim
74,NJ,taintedbill
75,NJ,ClimateCentral
76,NJ,liewbob
77,NJ,MicheleMT55
78,NJ,TrevanneF
79,NJ,TheJetsWire
0,MD,Trumptonite
1,MD,mattfaymous
2,MD,LastNameDawson
3,MD,beijingsausage
4,MD,LyzVogelChase
5,MD,curse_rbx
6,MD,Matt_Sciannella
7,MD,cgcumber
8,MD,tammieesimon
9,MD,TeaPartyJedi
10,MD,RCFCMD
11,MD,bradp50
12,MD,365frederick
13,MD,deanking1955
14,MD,dsimon22
15,MD,eklewis
16,MD,Redskin523
17,MD,knight_song1995
18,MD,carlgregg
19,MD,MIRACLECHARLIE
20,MD,apathystinks
21,MD,RiazSayeed
22,MD,Germantownrunne
23,MD,DelegateReznik
24,MD,StevenEasley1
25,MD,MasonCares
26,MD,ComedyPigs
27,MD,DrChristlloyd
28,MD,JFegadel
29,MD,Bill_Stitely
30,MD,DavidARader
31,MD,HaldisTony
32,MD,timelyleader
33,MD,jrex167
34,MD,KenClyburn
35,MD,GeminiAPatterso
36,MD,stillpixel
37,MD,KenTimmerman
38,MD,OnceWhen
39,MD,walterolson
40,MD,elainereinhold5
41,MD,stromdans
42,MD,mscogsworthy
43,MD,kevindotcole
44,MD,kaiaka
45,MD,Anderson_Damian
46,MD,OGDoccat
47,MD,truk2112
48,MD,BittnerJohn
49,MD,occupyfrederick
50,MD,spiritfish
51,MD,ibrows_on_fleek
52,MD,MarylandgirlUSA
53,MD,MarknMd
54,MD,DavidE196709
55,MD,jacobitweet
56,MD,CHHolte
57,MD,WDeadwyler
58,MD,Tr00Chase
59,MD,WHEbe60165
60,MD,FCARMD1
61,MD,YDFrederick
62,MD,lordofoverstock
63,MD,930WFMD
64,MD,wblaney
65,MD,CThomasBoone
66,MD,Swast90024
0,MD,lisabari
1,MD,adamannapolis
2,MD,FriendOfPimlico
3,MD,Ry_nocerous
4,MD,Bartisan
5,MD,Malik13
6,MD,ArtstarPaint
7,MD,wbaltv11
8,MD,Redladyanna
9,MD,benjancewicz
10,MD,kpkeane3
11,MD,JanetAmirault
12,MD,bbofun
13,MD,wbalradio
14,MD,drpolson
15,MD,baltimoresun
16,MD,misterbarber87
17,MD,SuaveRob5
18,MD,RyanKOlsen
19,MD,mcgboye
20,MD,BaltimoreCP
21,MD,xxneverdasamexx
22,MD,KurtKKennedy
23,MD,MsDuhMeanor
24,MD,zhenren
25,MD,babylonsherman
26,MD,candice_versace
27,MD,TheTrumpBlogger
28,MD,MoreRuckus
29,MD,WeeksCreative
30,MD,calv66
31,MD,AmandaJacqueli
32,MD,RHEMAnews
33,MD,MeekoMill
34,MD,BigEdDon
35,MD,ApothecaryJeri
36,MD,BigDaddy01965
37,MD,changesomething
38,MD,patmcgraw
39,MD,miketheitguy
40,MD,kfaatz925
41,MD,paulatcvs
42,MD,starshockeymom
43,MD,BaltimoreTVNews
44,MD,Shanerileigh17
45,MD,DorotheaMassey7
46,MD,WordGirlSam
47,MD,amhill
48,MD,JustineKStull
49,MD,movieshark2011
50,MD,CLMTBaltimore
51,MD,DailyReckoning
52,MD,Ricardo6984
53,MD,TheSanityNurse
54,MD,YouNeedHelpBook
55,MD,Flaccofanz05
56,MD,FrankJannuzi
57,MD,technosailor
58,MD,SmaltimoreMD
59,MD,thedavidseth
60,MD,jnyer27
61,MD,LKinsellaTweets
62,MD,darrel33171
63,MD,POLSBaltimore
64,MD,LPMmedia
65,MD,CNNENEMY
66,MD,Markallenjobe1
67,MD,96Charles96
68,MD,letsryan
69,MD,BComp272
70,MD,LizzieJump
71,MD,fatsgoldman
72,MD,pinhchen
73,MD,lraszewski
74,MD,SikorskiJohn
75,MD,Ratguy123
76,MD,gigabytemag
77,MD,HousingWatchMD
78,MD,SalehAStevens
79,MD,palmeriris101
80,MD,jemillerwbal
81,MD,Kungfu_Bob
82,MD,DabneyPorte
83,MD,BobKluver
84,MD,80spcc
85,MD,CThompsonGeorge
86,MD,JohnPersinos1
87,MD,WOCTechnology
88,MD,AC_Cares
89,MD,justinlabel
90,MD,mckayjenkins
91,MD,JuanRRodriguez7
92,MD,notjessewalker
93,MD,smoothdelicious
94,MD,Tufftruth
95,MD,diversitynews
96,MD,DanRodricks
97,MD,Arsjames
98,MD,BMoreFrankie
99,MD,uaskigyrl
100,MD,AlizaWrites
101,MD,kimmiem
102,MD,TaiBellaa
103,MD,balt_homeloans
104,MD,mason76dagod
105,MD,MattWohlfort
106,MD,TaritaC
107,MD,demar19511
108,MD,joan_mediator
109,MD,alanmlinarchik
110,MD,baynardwoods
111,MD,terpguy42
112,MD,craftedstruggle
113,MD,djayamazin
114,MD,georgeconfused
115,MD,ElectRobJohnson
116,MD,nancybellfosler
117,MD,KiraguBCityDad
118,MD,BJLife
119,MD,malthusian_trap
120,MD,UndisclosedWiki
121,MD,BlackEngineer
122,MD,Heezworthy
123,MD,Shalisa_Renee
124,MD,madameannette
125,MD,avizenilman
126,MD,aregenberg
127,MD,jboday
128,MD,MorpheneDream
0,NC,MarkYusko
1,NC,MasercolaWrites
2,NC,wfncnews
3,NC,OmariAkil
4,NC,Rich_893
5,NC,Andy_Raleigh
6,NC,theautowriter
7,NC,DanielsABC11
8,NC,WentzMatt
9,NC,mttandrews
10,NC,loafingcactus
11,NC,dhoohoo
12,NC,heykatieben
13,NC,alexandracastle
14,NC,donuts1945
15,NC,RainaFin
16,NC,DLN_Editor
17,NC,Barco_Athlete
18,NC,JonesandBlount
19,NC,NCCapitol
20,NC,lisajnc1951
21,NC,ccradle
22,NC,brianmcarey
23,NC,t2hicks
24,NC,SandraP20487263
25,NC,singularity59
26,NC,SadGalLaurie
27,NC,wilsonhartgrove
28,NC,bjonesbrazil
29,NC,RevASVN
30,NC,AbbieRBennett
31,NC,RaleighReporter
32,NC,WRAL
33,NC,rjonesx
34,NC,Slybo
35,NC,Jeff424V
36,NC,LinkingIn2Sales
37,NC,gordonsjones1
38,NC,accfootballnews
39,NC,maness78
40,NC,angquality
41,NC,hunterb2003
42,NC,pldanzis
43,NC,kchenette
44,NC,jdmar3
45,NC,a1viral
46,NC,goodmandawn
47,NC,ChemiQBeats
48,NC,interactivemark
49,NC,slowbob
50,NC,pamelagilchrist
51,NC,alamb
52,NC,ndjonny
53,NC,ramclubpa
54,NC,desertdudesCatC
55,NC,DaniD212316
56,NC,GrahamDavidA
57,NC,JeanBolduc
58,NC,POLSRaleigh
59,NC,MarkProkop2
60,NC,HispanicsTrump
61,NC,ABC11_WTVD
62,NC,luvauntyruth
63,NC,HorsebackNoise
64,NC,KSchneid
65,NC,jimgunnyea
66,NC,adeckerbuck
67,NC,AmyTWCNews
68,NC,megancarriker
69,NC,maharba77
70,NC,StaceyWLloyd
71,NC,RandallUSA12
72,NC,Social_Twerker
73,NC,Lassiter2011
74,NC,BillLuMaye
75,NC,Kasey_Sellati
76,NC,InvisibleJesse
77,NC,alittlelilypad
78,NC,mjvasquez671
79,NC,NicoleCarrWSB
80,NC,rodgers_op
81,NC,nmccallister
82,NC,BobFelton
83,NC,USAHumanRights7
84,NC,gregorymay1
85,NC,Ibensullivan
86,NC,RyanLangan
87,NC,Margaretinnc
88,NC,NaturesPoisons
89,NC,CorinaCalbert13
90,NC,DrNO_NC
91,NC,leafwarbler
0,NC,RichardThayer4
1,NC,MarvelSchebler
2,NC,CCCDynaPro
3,NC,highpointbuzz
4,NC,DavidHarleyBoyd
5,NC,jherndon01
6,NC,deftlyinane
7,NC,ChristinaNCSTN
8,NC,winstonsalemnow
9,NC,TerrenceNHolman
10,NC,tntDVM
11,NC,smazucca
12,NC,EMJAXPJ3
13,NC,mudslidematt
14,NC,AngieGeeokeeffe
15,NC,gbennett002
16,NC,lisajnc1951
17,NC,HowellAstor
18,NC,rebekahkfreitas
19,NC,susieq201688
20,NC,laurapcd1
21,NC,GEricGaither
22,NC,reaecox
23,NC,ericgwilson
24,NC,WFMY
25,NC,tlillis4
26,NC,CynthiaAya
27,NC,tim_samuelssr
28,NC,rmoneyg35
29,NC,brandonpierce
30,NC,malloyjr88
31,NC,TWAST357
32,NC,miketucker1
33,NC,HPEpaul
34,NC,RoseannOlejnic1
35,NC,ElliottNCompany
36,NC,celticrn57
37,NC,greensboro_Buzz
38,NC,MikeBaptiste1
39,NC,nancykiplinger
40,NC,KaneMagus
41,NC,LeeStafford912
42,NC,assofgod
43,NC,GsoShutchinson
44,NC,msyfrett
45,NC,MBPayne55
46,NC,Anita953
47,NC,myfox8
48,NC,DavidDarvishian
49,NC,TWCNewsTriad
50,NC,CaliPearl
51,NC,DeafAngelboy23
52,NC,BrideOfLinux
53,NC,BankMergers
54,NC,RobinFox46
55,NC,cwe1193
56,NC,justinbmoorephd
57,NC,eddardws
58,NC,racheeley
59,NC,KateElizabethNR
60,NC,CaraMarcotte1
61,NC,4salegreensboro
62,NC,2WTK
63,NC,JoekillianPW
64,NC,JahleelLovitt
65,NC,vKratic
66,NC,CodyWinfrey
67,NC,jimhuffman
68,NC,deanie_lambeth
69,NC,shades551
70,NC,SukiKounTree
71,NC,johnrobinson
72,NC,daleloflin
73,NC,surviving2018
74,NC,FecundStench
75,NC,_Rockyosocks
76,NC,ncappraiser30
77,NC,LiamMNield
78,NC,Avery_edu
79,NC,AlexRoseNews
80,NC,BooBreeze
81,NC,thespazdawg
82,NC,Chocolate_Nerd
83,NC,rakapanka
84,NC,SayreGregory
85,NC,BlackJDPhD
86,NC,bells8911
87,NC,AlanLewis5
88,NC,MosesStewart7
89,NC,Socratesfoot
90,NC,TruckerTiny
91,NC,rolfenorman
92,NC,Real_YoungKid
93,NC,NewsandRecord
94,NC,ColleenLaird
95,NC,baabygirlkieraa
96,NC,memomoment
97,NC,Tate566
98,NC,jimsteele2008
99,NC,blckleatherrain
100,NC,KenAshford
101,NC,epmarlowe1
102,NC,KieranBrubaker
103,NC,MikeyMooseNC
104,NC,PhenomCareers
105,NC,wmsteele
106,NC,monkeytruckman
0,NY,woahitsjo94
1,NY,thus9
2,NY,Sublimateus
3,NY,AriaWilsonGOP
4,NY,shelbyholliday
5,NY,jasonatrent
6,NY,bonomoam
7,NY,_VIRAL__News
8,NY,AndrewCMcCarthy
9,NY,mic
10,NY,10avier
11,NY,CathyMiller1992
12,NY,realjunsonchan
13,NY,thekateblack
14,NY,SteveDietrich
15,NY,monolopnews
16,NY,mark1107
17,NY,LucretiaDear4
18,NY,vjordain
19,NY,Ez4u2say_Janis
20,NY,ErnestLamonica
21,NY,sktroutman
22,NY,danyulengelke
23,NY,kenwheaton
24,NY,MarkyyHollywood
25,NY,JasonRoyster2
26,NY,House_Insider
27,NY,philcorso
28,NY,Mnemonictsunami
29,NY,JohnThomasBD
30,NY,trish_regan
31,NY,TYBOGGIENYC
32,NY,CHARLESGOONAN
33,NY,DeplorableVin
34,NY,cloudmoneyblog
35,NY,Arthur_Leopold
36,NY,PatriotNewsUSA
37,NY,BeautyMinistry
38,NY,oreillyfactor
39,NY,TimMcGonagle
40,NY,Stevie_Z
41,NY,marcia_cavanagh
42,NY,justinjm1
43,NY,Sue4allofus
44,NY,DanDePetris
45,NY,Truthbuster
46,NY,NYNYTweets4
47,NY,The_Trump_Fans
48,NY,BreakingNews24U
49,NY,sm_doug
50,NY,CheriJacobus
51,NY,SweetChigurh
52,NY,RT_NYC_News
53,NY,Patriots_Fan4
54,NY,dizzicordova
55,NY,Rayz2cents
56,NY,MainandWall
57,NY,JustinElliott
58,NY,5_STAR_MOVERS
59,NY,TidyStucco_com
60,NY,MandosSez
61,NY,Dancingpalmtree
62,NY,TheStagmania
63,NY,bad_indian_girl
64,NY,tant1ne
65,NY,chrislhayes
66,NY,travel611
67,NY,angelineyjas
68,NY,ACNewman
69,NY,AnOmadhaun
70,NY,luciabrawley
71,NY,NancyFrancine2
